exchange,contract,first_observation,last_trade
CZCE,AP1805,2017-12-22,2018-05-15
CZCE,AP1807,2017-12-22,2018-07-13
CZCE,AP1810,2017-12-22,2018-10-19
CZCE,AP1811,2017-12-22,2018-11-14
CZCE,AP1812,2017-12-22,2018-12-14
CZCE,AP1901,2018-01-16,2019-01-15
CZCE,AP1903,2018-03-15,2019-03-14
CZCE,AP1905,2018-05-16,2019-05-17
CZCE,AP1907,2018-07-16,2019-07-12
CZCE,AP1910,2018-10-22,2019-10-21
CZCE,AP1911,2018-11-15,2019-11-14
CZCE,AP1912,2018-12-17,2019-12-13
CZCE,AP2001,2019-01-16,2020-01-15
CZCE,AP2003,2019-03-15,2020-03-13
CZCE,AP2005,2019-05-20,2020-05-19
CZCE,AP2007,2019-07-15,2020-07-14
CZCE,AP2010,2019-10-22,2020-10-22
CZCE,AP2011,2019-11-15,2020-11-13
CZCE,AP2012,2019-12-16,2020-12-14
CZCE,AP2101,2020-01-16,2021-01-15
CZCE,AP2103,2020-03-16,2021-03-12
CZCE,AP2105,2020-05-20,2021-05-19
CZCE,AP2110,2020-10-23,2021-10-21
CZCE,AP2111,2020-11-16,2021-11-12
CZCE,AP2112,2020-12-15,2021-12-14
CZCE,AP2201,2021-01-18,2022-01-17
CZCE,AP2203,2021-03-15,2022-03-14
CZCE,AP2204,2021-04-16,2022-04-18
CZCE,AP2205,2021-05-20,2022-05-18
CZCE,AP2210,2021-10-22,2022-10-21
CZCE,AP2211,2021-11-15,2022-11-14
CZCE,AP2212,2021-12-15,2022-12-14
CZCE,AP2301,2022-01-18,2023-01-16
CZCE,AP2303,2022-03-15,2023-03-14
CZCE,AP2304,2022-04-19,2023-04-17
CZCE,AP2305,2022-05-19,2023-05-17
CZCE,AP2310,2022-10-24,2023-10-20
CZCE,AP2311,2022-11-15,2023-11-14
CZCE,AP2312,2022-12-15,2023-12-14
CZCE,AP2401,2023-01-17,2024-01-15
CZCE,AP2403,2023-03-15,2024-03-14
CZCE,AP2404,2023-04-18,2024-04-16
CZCE,AP2405,2023-05-18,2024-05-17
CZCE,AP2410,2023-10-23,2024-10-21
CZCE,AP2411,2023-11-15,2024-11-14
CZCE,AP2412,2023-12-15,2024-12-13
CZCE,AP2501,2024-01-16,2025-01-15
CZCE,AP2503,2024-03-15,2025-03-14
CZCE,AP2504,2024-04-17,2025-04-15
CZCE,AP2505,2024-05-20,2025-05-19
CZCE,AP2510,2024-10-22,2025-10-22
CZCE,AP2511,2024-11-15,2025-11-14
CZCE,AP2512,2024-12-16,2025-12-12
CZCE,AP2601,2025-01-16,2026-01-16
CZCE,AP2603,2025-03-17,2026-03-13
CZCE,AP2604,2025-04-16,2026-04-15
CZCE,AP2605,2025-05-20,2026-05-19
CZCE,AP2610,2025-10-23,2026-07-10
CZCE,AP2611,2025-11-17,2026-07-10
CZCE,AP2612,2025-12-15,2026-07-10
CZCE,AP2701,2026-01-19,2026-07-10
CZCE,AP2703,2026-03-16,2026-07-10
CZCE,AP2704,2026-04-16,2026-07-10
CZCE,AP2705,2026-05-20,2026-07-10
CZCE,AP610,2025-10-23,2026-07-10
CZCE,AP611,2025-11-17,2026-07-10
CZCE,AP612,2025-12-15,2026-07-10
CZCE,AP701,2026-01-19,2026-07-10
CZCE,AP703,2026-03-16,2026-07-10
CZCE,AP704,2026-04-16,2026-07-10
CZCE,AP705,2026-05-20,2026-07-10
CZCE,CF001,2019-01-16,2020-01-15
CZCE,CF003,2019-03-19,2020-03-12
CZCE,CF005,2019-05-20,2020-05-19
CZCE,CF007,2019-07-18,2020-07-14
CZCE,CF009,2019-09-17,2020-09-14
CZCE,CF011,2019-11-18,2020-11-13
CZCE,CF101,2020-01-16,2021-01-15
CZCE,CF103,2020-03-16,2021-03-12
CZCE,CF105,2020-05-20,2021-05-19
CZCE,CF107,2020-07-17,2021-07-14
CZCE,CF109,2020-09-15,2021-09-14
CZCE,CF111,2020-11-16,2021-11-11
CZCE,CF201,2021-01-18,2022-01-17
CZCE,CF203,2021-03-15,2022-03-14
CZCE,CF205,2021-05-20,2022-05-18
CZCE,CF207,2021-07-15,2022-07-14
CZCE,CF209,2021-09-15,2022-09-15
CZCE,CF211,2021-11-15,2022-11-14
CZCE,CF301,2022-01-18,2023-01-16
CZCE,CF303,2022-03-15,2023-03-14
CZCE,CF305,2022-05-19,2023-05-17
CZCE,CF307,2022-07-15,2023-07-14
CZCE,CF309,2022-09-16,2023-09-14
CZCE,CF311,2022-11-15,2023-11-14
CZCE,CF401,2023-01-17,2024-01-15
CZCE,CF403,2023-03-15,2024-03-14
CZCE,CF405,2023-05-18,2024-05-17
CZCE,CF407,2023-07-17,2024-07-12
CZCE,CF409,2023-09-15,2024-09-13
CZCE,CF411,2023-11-15,2024-11-14
CZCE,CF501,2024-01-16,2025-01-15
CZCE,CF503,2024-03-15,2025-03-14
CZCE,CF505,2024-05-20,2025-05-19
CZCE,CF507,2024-07-15,2025-07-14
CZCE,CF509,2024-09-18,2025-09-12
CZCE,CF511,2024-11-18,2025-11-14
CZCE,CF601,2016-01-04,2016-01-15
CZCE,CF601,2025-01-16,2026-01-16
CZCE,CF603,2016-01-04,2016-03-14
CZCE,CF603,2025-03-17,2026-03-13
CZCE,CF605,2016-01-04,2016-05-16
CZCE,CF605,2025-05-20,2026-05-19
CZCE,CF607,2016-01-04,2016-07-14
CZCE,CF609,2016-01-04,2016-09-14
CZCE,CF611,2016-01-04,2016-11-14
CZCE,CF701,2016-01-18,2017-01-16
CZCE,CF703,2016-03-15,2017-03-14
CZCE,CF705,2016-05-17,2017-05-15
CZCE,CF707,2016-07-15,2017-07-14
CZCE,CF709,2016-09-19,2017-09-14
CZCE,CF711,2016-11-15,2017-11-13
CZCE,CF801,2017-01-17,2018-01-15
CZCE,CF803,2017-03-15,2018-03-13
CZCE,CF805,2017-05-16,2018-05-15
CZCE,CF807,2017-08-03,2018-07-13
CZCE,CF809,2017-09-15,2018-09-14
CZCE,CF811,2017-11-21,2018-11-14
CZCE,CF901,2018-01-16,2019-01-15
CZCE,CF903,2018-03-23,2019-03-06
CZCE,CF905,2018-05-16,2019-05-17
CZCE,CF907,2018-07-18,2019-07-12
CZCE,CF909,2018-09-17,2019-09-16
CZCE,CF911,2018-12-24,2019-11-14
CZCE,CJ1912,2019-04-30,2019-12-13
CZCE,CJ2001,2019-04-30,2020-01-15
CZCE,CJ2003,2019-04-30,2020-03-13
CZCE,CJ2005,2019-04-30,2020-05-19
CZCE,CJ2007,2019-07-15,2020-07-14
CZCE,CJ2009,2019-09-17,2020-09-14
CZCE,CJ2012,2019-12-16,2020-12-14
CZCE,CJ2101,2020-01-16,2021-01-15
CZCE,CJ2103,2020-03-16,2021-03-12
CZCE,CJ2105,2020-05-20,2021-05-19
CZCE,CJ2107,2020-07-15,2021-07-14
CZCE,CJ2109,2020-09-15,2021-09-14
CZCE,CJ2112,2020-12-15,2021-12-14
CZCE,CJ2201,2021-01-18,2022-01-17
CZCE,CJ2203,2021-03-15,2022-03-14
CZCE,CJ2205,2021-05-20,2022-05-18
CZCE,CJ2207,2021-07-15,2022-07-14
CZCE,CJ2209,2021-09-15,2022-09-15
CZCE,CJ2212,2021-12-15,2022-12-14
CZCE,CJ2301,2022-01-18,2023-01-16
CZCE,CJ2303,2022-03-15,2023-03-14
CZCE,CJ2305,2022-05-19,2023-05-17
CZCE,CJ2307,2022-07-15,2023-07-14
CZCE,CJ2309,2022-09-16,2023-09-14
CZCE,CJ2312,2022-12-15,2023-12-14
CZCE,CJ2401,2023-01-17,2024-01-15
CZCE,CJ2403,2023-03-15,2024-03-14
CZCE,CJ2405,2023-05-18,2024-05-17
CZCE,CJ2407,2023-07-17,2024-07-12
CZCE,CJ2409,2023-09-15,2024-09-13
CZCE,CJ2412,2023-12-15,2024-12-13
CZCE,CJ2501,2024-01-16,2025-01-15
CZCE,CJ2503,2024-03-15,2025-03-14
CZCE,CJ2505,2024-05-20,2025-05-19
CZCE,CJ2507,2024-07-15,2025-07-14
CZCE,CJ2509,2024-09-18,2025-09-12
CZCE,CJ2512,2024-12-16,2025-12-12
CZCE,CJ2601,2025-01-16,2026-01-16
CZCE,CJ2603,2025-03-17,2026-03-13
CZCE,CJ2605,2025-05-20,2026-05-19
CZCE,CJ2607,2025-07-15,2026-07-09
CZCE,CJ2609,2025-09-15,2026-07-10
CZCE,CJ2612,2025-12-15,2026-07-10
CZCE,CJ2701,2026-01-19,2026-07-10
CZCE,CJ2703,2026-03-16,2026-07-10
CZCE,CJ2705,2026-05-20,2026-07-10
CZCE,CJ607,2025-07-15,2026-07-09
CZCE,CJ609,2025-09-15,2026-07-10
CZCE,CJ612,2025-12-15,2026-07-10
CZCE,CJ701,2026-01-19,2026-07-10
CZCE,CJ703,2026-03-16,2026-07-10
CZCE,CJ705,2026-05-20,2026-07-10
CZCE,FG001,2019-01-16,2020-01-13
CZCE,FG002,2019-02-28,2020-01-23
CZCE,FG003,2019-03-28,2020-03-02
CZCE,FG004,2019-04-24,2020-03-25
CZCE,FG005,2019-05-20,2020-05-19
CZCE,FG006,2019-06-19,2020-06-03
CZCE,FG007,2019-07-24,2020-07-06
CZCE,FG008,2019-09-12,2020-08-04
CZCE,FG009,2019-09-17,2020-09-14
CZCE,FG010,2019-10-22,2020-10-21
CZCE,FG011,2019-11-22,2020-11-05
CZCE,FG012,2019-12-16,2020-12-14
CZCE,FG101,2020-01-16,2021-01-14
CZCE,FG102,2020-02-21,2021-01-29
CZCE,FG103,2020-03-25,2021-03-11
CZCE,FG104,2020-04-22,2021-04-09
CZCE,FG105,2020-05-20,2021-05-18
CZCE,FG106,2020-06-15,2021-06-07
CZCE,FG107,2020-07-16,2021-07-14
CZCE,FG108,2020-08-17,2021-08-12
CZCE,FG109,2020-09-15,2021-09-14
CZCE,FG110,2020-10-27,2021-10-21
CZCE,FG111,2020-11-17,2021-11-11
CZCE,FG112,2020-12-15,2021-12-13
CZCE,FG201,2021-01-18,2022-01-17
CZCE,FG202,2021-02-24,2022-02-17
CZCE,FG203,2021-03-15,2022-03-11
CZCE,FG204,2021-04-16,2022-04-18
CZCE,FG205,2021-05-20,2022-05-18
CZCE,FG206,2021-06-17,2022-06-14
CZCE,FG207,2021-07-15,2022-07-14
CZCE,FG208,2021-08-16,2022-07-29
CZCE,FG209,2021-09-15,2022-09-15
CZCE,FG210,2021-10-22,2022-10-18
CZCE,FG211,2021-11-15,2022-11-08
CZCE,FG212,2021-12-15,2022-12-14
CZCE,FG301,2022-01-18,2023-01-16
CZCE,FG302,2022-02-21,2023-02-08
CZCE,FG303,2022-03-15,2023-03-14
CZCE,FG304,2022-04-19,2023-04-14
CZCE,FG305,2022-05-19,2023-05-16
CZCE,FG306,2022-06-17,2023-06-14
CZCE,FG307,2022-07-15,2023-07-11
CZCE,FG308,2022-08-16,2023-08-14
CZCE,FG309,2022-09-16,2023-09-14
CZCE,FG310,2022-10-24,2023-10-20
CZCE,FG311,2022-11-15,2023-11-14
CZCE,FG312,2022-12-15,2023-12-14
CZCE,FG401,2023-01-17,2024-01-15
CZCE,FG402,2023-02-15,2024-02-22
CZCE,FG403,2023-03-15,2024-03-14
CZCE,FG404,2023-04-18,2024-04-09
CZCE,FG405,2023-05-18,2024-05-17
CZCE,FG406,2023-06-15,2024-06-14
CZCE,FG407,2023-07-17,2024-07-10
CZCE,FG408,2023-08-15,2024-08-14
CZCE,FG409,2023-09-15,2024-09-13
CZCE,FG410,2023-10-23,2024-10-21
CZCE,FG411,2023-11-15,2024-11-14
CZCE,FG412,2023-12-15,2024-12-05
CZCE,FG501,2024-01-16,2025-01-14
CZCE,FG502,2024-02-23,2025-02-18
CZCE,FG503,2024-03-15,2025-03-14
CZCE,FG504,2024-04-17,2025-04-10
CZCE,FG505,2024-05-20,2025-05-19
CZCE,FG506,2024-06-18,2025-06-11
CZCE,FG507,2024-07-15,2025-07-14
CZCE,FG508,2024-08-15,2025-08-13
CZCE,FG509,2024-09-18,2025-09-12
CZCE,FG510,2024-10-22,2025-10-22
CZCE,FG511,2024-11-15,2025-11-14
CZCE,FG512,2024-12-16,2025-12-12
CZCE,FG601,2016-01-04,2016-01-15
CZCE,FG601,2025-01-16,2026-01-15
CZCE,FG602,2016-01-11,2016-02-19
CZCE,FG602,2025-02-19,2026-02-13
CZCE,FG603,2016-01-08,2016-02-29
CZCE,FG603,2025-03-17,2026-03-13
CZCE,FG604,2016-01-07,2016-03-31
CZCE,FG604,2025-04-16,2026-04-15
CZCE,FG605,2016-01-04,2016-05-11
CZCE,FG605,2025-05-20,2026-05-19
CZCE,FG606,2016-01-04,2016-06-16
CZCE,FG606,2025-06-17,2026-06-12
CZCE,FG607,2016-01-07,2016-07-14
CZCE,FG608,2016-01-11,2016-08-10
CZCE,FG609,2016-01-04,2016-09-12
CZCE,FG610,2016-01-05,2016-10-12
CZCE,FG611,2016-01-04,2016-10-31
CZCE,FG612,2016-01-04,2016-12-02
CZCE,FG701,2016-01-18,2017-01-16
CZCE,FG702,2016-03-01,2017-01-26
CZCE,FG703,2016-03-21,2017-02-28
CZCE,FG704,2016-04-18,2017-03-17
CZCE,FG705,2016-05-17,2017-05-12
CZCE,FG706,2016-06-22,2017-06-08
CZCE,FG707,2016-07-18,2017-06-30
CZCE,FG708,2016-08-29,2017-08-09
CZCE,FG709,2016-09-19,2017-09-08
CZCE,FG710,2016-10-26,2017-10-09
CZCE,FG711,2016-11-15,2017-10-18
CZCE,FG712,2017-01-10,2017-12-01
CZCE,FG801,2017-01-17,2018-01-11
CZCE,FG802,2017-02-22,2018-02-01
CZCE,FG803,2017-03-15,2018-03-05
CZCE,FG804,2017-05-12,2018-04-03
CZCE,FG805,2017-05-16,2018-05-14
CZCE,FG806,2017-06-15,2018-06-12
CZCE,FG807,2017-08-01,2018-07-10
CZCE,FG808,2017-08-30,2018-07-31
CZCE,FG809,2017-09-15,2018-09-06
CZCE,FG810,2017-10-23,2018-10-09
CZCE,FG811,2017-12-05,2018-10-16
CZCE,FG812,2018-01-08,2018-11-29
CZCE,FG901,2018-01-16,2019-01-14
CZCE,FG902,2018-03-22,2019-01-16
CZCE,FG903,2018-03-23,2019-02-14
CZCE,FG904,2018-04-19,2019-03-26
CZCE,FG905,2018-05-16,2019-05-17
CZCE,FG906,2018-06-21,2019-05-31
CZCE,FG907,2018-07-30,2019-05-14
CZCE,FG908,2018-08-28,2019-07-26
CZCE,FG909,2018-09-17,2019-09-16
CZCE,FG910,2018-10-24,2019-10-08
CZCE,FG911,2019-01-02,2019-11-11
CZCE,FG912,2019-01-02,2019-12-12
CZCE,MA001,2019-01-16,2020-01-15
CZCE,MA002,2019-03-06,2020-02-03
CZCE,MA003,2019-03-20,2020-03-13
CZCE,MA004,2019-04-29,2020-04-10
CZCE,MA005,2019-05-20,2020-05-19
CZCE,MA006,2019-06-19,2020-06-04
CZCE,MA007,2019-07-16,2020-07-14
CZCE,MA008,2019-09-04,2020-08-12
CZCE,MA009,2019-09-17,2020-09-14
CZCE,MA010,2019-10-22,2020-10-21
CZCE,MA011,2019-11-22,2020-11-13
CZCE,MA012,2020-01-06,2020-12-11
CZCE,MA101,2020-01-16,2021-01-15
CZCE,MA102,2020-02-19,2021-02-05
CZCE,MA103,2020-03-18,2021-03-12
CZCE,MA104,2020-04-21,2021-04-13
CZCE,MA105,2020-05-20,2021-05-19
CZCE,MA106,2020-06-15,2021-06-10
CZCE,MA107,2020-07-16,2021-07-02
CZCE,MA108,2020-08-21,2021-08-13
CZCE,MA109,2020-09-15,2021-09-14
CZCE,MA110,2020-10-28,2021-10-20
CZCE,MA111,2020-11-20,2021-11-08
CZCE,MA112,2020-12-17,2021-12-13
CZCE,MA201,2021-01-18,2022-01-17
CZCE,MA202,2021-02-22,2022-02-16
CZCE,MA203,2021-03-15,2022-03-14
CZCE,MA204,2021-04-29,2022-04-15
CZCE,MA205,2021-05-20,2022-05-18
CZCE,MA206,2021-06-23,2022-06-15
CZCE,MA207,2021-07-19,2022-07-14
CZCE,MA208,2021-08-17,2022-08-08
CZCE,MA209,2021-09-15,2022-09-15
CZCE,MA210,2021-10-22,2022-10-19
CZCE,MA211,2021-11-15,2022-11-14
CZCE,MA212,2021-12-15,2022-12-14
CZCE,MA301,2022-01-18,2023-01-16
CZCE,MA302,2022-02-22,2023-02-13
CZCE,MA303,2022-03-17,2023-03-09
CZCE,MA304,2022-04-19,2023-04-14
CZCE,MA305,2022-05-19,2023-05-17
CZCE,MA306,2022-06-17,2023-06-12
CZCE,MA307,2022-07-18,2023-07-11
CZCE,MA308,2022-08-16,2023-08-14
CZCE,MA309,2022-09-16,2023-09-14
CZCE,MA310,2022-10-24,2023-10-20
CZCE,MA311,2022-11-15,2023-11-14
CZCE,MA312,2022-12-16,2023-12-05
CZCE,MA401,2023-01-17,2024-01-15
CZCE,MA402,2023-02-15,2024-02-22
CZCE,MA403,2023-03-15,2024-03-07
CZCE,MA404,2023-04-19,2024-04-01
CZCE,MA405,2023-05-18,2024-05-16
CZCE,MA406,2023-06-15,2024-06-17
CZCE,MA407,2023-07-17,2024-07-12
CZCE,MA408,2023-08-15,2024-08-13
CZCE,MA409,2023-09-15,2024-09-13
CZCE,MA410,2023-10-23,2024-10-18
CZCE,MA411,2023-11-15,2024-11-06
CZCE,MA412,2023-12-15,2024-12-06
CZCE,MA501,2024-01-16,2025-01-15
CZCE,MA502,2024-02-23,2025-02-17
CZCE,MA503,2024-03-15,2025-03-12
CZCE,MA504,2024-04-17,2025-04-15
CZCE,MA505,2024-05-20,2025-05-19
CZCE,MA506,2024-06-18,2025-06-11
CZCE,MA507,2024-07-16,2025-07-14
CZCE,MA508,2024-08-15,2025-08-05
CZCE,MA509,2024-09-18,2025-09-12
CZCE,MA510,2024-10-23,2025-10-17
CZCE,MA511,2024-11-15,2025-11-14
CZCE,MA512,2024-12-17,2025-12-08
CZCE,MA601,2016-01-04,2016-01-15
CZCE,MA601,2025-01-16,2026-01-16
CZCE,MA602,2016-01-12,2016-01-29
CZCE,MA602,2025-02-19,2026-02-12
CZCE,MA603,2016-01-08,2016-02-17
CZCE,MA603,2025-03-17,2026-03-12
CZCE,MA604,2016-01-05,2016-02-22
CZCE,MA604,2025-04-17,2026-04-10
CZCE,MA605,2016-01-04,2016-05-13
CZCE,MA605,2025-05-20,2026-05-19
CZCE,MA606,2016-01-04,2016-06-02
CZCE,MA606,2025-06-17,2026-06-11
CZCE,MA607,2016-01-18,2016-06-29
CZCE,MA608,2016-01-05,2016-07-19
CZCE,MA609,2016-01-04,2016-09-13
CZCE,MA610,2016-01-21,2016-09-26
CZCE,MA611,2016-01-04,2016-10-28
CZCE,MA612,2016-02-02,2016-11-25
CZCE,MA701,2016-01-18,2017-01-16
CZCE,MA702,2016-03-03,2017-01-26
CZCE,MA703,2016-03-28,2017-03-01
CZCE,MA704,2016-05-19,2017-03-30
CZCE,MA705,2016-05-17,2017-05-15
CZCE,MA706,2016-07-04,2017-05-31
CZCE,MA707,2016-07-19,2017-06-23
CZCE,MA708,2016-10-26,2017-07-28
CZCE,MA709,2016-09-19,2017-09-13
CZCE,MA710,2016-10-31,2017-09-29
CZCE,MA711,2017-01-12,2017-10-31
CZCE,MA712,2016-12-22,2017-11-28
CZCE,MA801,2017-01-17,2018-01-12
CZCE,MA802,2017-02-17,2018-02-08
CZCE,MA803,2017-03-17,2018-03-07
CZCE,MA804,2017-04-19,2018-04-10
CZCE,MA805,2017-05-16,2018-05-15
CZCE,MA806,2017-07-26,2018-05-07
CZCE,MA807,2017-07-26,2018-07-03
CZCE,MA808,2017-08-18,2018-08-02
CZCE,MA809,2017-09-15,2018-09-13
CZCE,MA810,2017-10-23,2018-10-08
CZCE,MA811,2017-11-27,2018-10-31
CZCE,MA812,2017-12-18,2018-11-20
CZCE,MA901,2018-01-16,2019-01-15
CZCE,MA902,2018-02-23,2019-02-15
CZCE,MA903,2018-03-23,2019-03-04
CZCE,MA904,2018-05-02,2019-03-29
CZCE,MA905,2018-05-16,2019-05-17
CZCE,MA906,2018-07-11,2019-05-31
CZCE,MA907,2018-08-03,2019-06-26
CZCE,MA908,2018-08-27,2019-07-31
CZCE,MA909,2018-09-17,2019-09-16
CZCE,MA910,2018-10-30,2019-10-16
CZCE,MA911,2018-11-28,2019-11-14
CZCE,MA912,2018-12-21,2019-11-29
CZCE,OI001,2019-01-16,2020-01-10
CZCE,OI003,2019-03-20,2020-03-04
CZCE,OI005,2019-05-20,2020-05-19
CZCE,OI007,2019-08-14,2020-07-13
CZCE,OI009,2019-09-17,2020-09-14
CZCE,OI011,2019-11-26,2020-11-13
CZCE,OI101,2020-01-16,2021-01-15
CZCE,OI103,2020-03-20,2021-03-10
CZCE,OI105,2020-05-20,2021-05-19
CZCE,OI107,2020-07-17,2021-07-12
CZCE,OI109,2020-09-15,2021-09-13
CZCE,OI111,2020-11-17,2021-11-12
CZCE,OI201,2021-01-18,2022-01-14
CZCE,OI203,2021-03-16,2022-03-14
CZCE,OI205,2021-05-20,2022-05-17
CZCE,OI207,2021-07-21,2022-07-13
CZCE,OI209,2021-09-15,2022-09-15
CZCE,OI211,2021-11-15,2022-11-14
CZCE,OI301,2022-01-18,2023-01-16
CZCE,OI303,2022-03-16,2023-03-14
CZCE,OI305,2022-05-19,2023-05-17
CZCE,OI307,2022-07-18,2023-07-14
CZCE,OI309,2022-09-16,2023-09-11
CZCE,OI311,2022-11-15,2023-11-14
CZCE,OI401,2023-01-17,2024-01-15
CZCE,OI403,2023-03-15,2024-03-14
CZCE,OI405,2023-05-18,2024-05-17
CZCE,OI407,2023-07-17,2024-07-11
CZCE,OI409,2023-09-15,2024-09-13
CZCE,OI411,2023-11-15,2024-11-14
CZCE,OI501,2024-01-16,2025-01-14
CZCE,OI503,2024-03-15,2025-03-13
CZCE,OI505,2024-05-20,2025-05-16
CZCE,OI507,2024-07-15,2025-07-07
CZCE,OI509,2024-09-18,2025-09-09
CZCE,OI511,2024-11-19,2025-11-11
CZCE,OI601,2016-01-04,2016-01-14
CZCE,OI601,2025-01-16,2026-01-15
CZCE,OI603,2016-02-15,2016-02-15
CZCE,OI603,2025-03-17,2026-03-06
CZCE,OI605,2016-01-04,2016-05-16
CZCE,OI605,2025-05-20,2026-05-11
CZCE,OI607,2016-01-11,2016-07-14
CZCE,OI609,2016-01-04,2016-09-14
CZCE,OI611,2016-01-28,2016-11-02
CZCE,OI701,2016-01-18,2017-01-16
CZCE,OI703,2016-03-18,2017-02-15
CZCE,OI705,2016-05-17,2017-05-15
CZCE,OI707,2016-07-19,2017-06-30
CZCE,OI709,2016-09-19,2017-09-13
CZCE,OI711,2016-11-24,2017-11-09
CZCE,OI801,2017-01-17,2018-01-15
CZCE,OI803,2017-05-12,2018-03-13
CZCE,OI805,2017-05-16,2018-05-15
CZCE,OI807,2017-08-02,2018-06-15
CZCE,OI809,2017-09-15,2018-09-14
CZCE,OI811,2017-11-17,2018-11-02
CZCE,OI901,2018-01-16,2019-01-15
CZCE,OI903,2018-04-02,2019-02-28
CZCE,OI905,2018-05-16,2019-05-17
CZCE,OI907,2018-07-26,2019-06-17
CZCE,OI909,2018-09-17,2019-09-16
CZCE,OI911,2019-01-04,2019-10-15
CZCE,PK2110,2021-02-01,2021-10-21
CZCE,PK2111,2021-02-01,2021-11-12
CZCE,PK2112,2021-02-01,2021-12-14
CZCE,PK2201,2021-02-01,2022-01-17
CZCE,PK2203,2021-03-15,2022-03-14
CZCE,PK2204,2021-04-16,2022-04-18
CZCE,PK2210,2021-10-22,2022-10-21
CZCE,PK2211,2021-11-15,2022-11-14
CZCE,PK2212,2021-12-15,2022-12-14
CZCE,PK2301,2022-01-18,2023-01-16
CZCE,PK2303,2022-03-15,2023-03-14
CZCE,PK2304,2022-04-19,2023-04-17
CZCE,PK2310,2022-10-24,2023-10-20
CZCE,PK2311,2022-11-15,2023-11-14
CZCE,PK2312,2022-12-15,2023-12-14
CZCE,PK2401,2023-01-17,2024-01-15
CZCE,PK2403,2023-03-15,2024-03-14
CZCE,PK2404,2023-04-18,2024-04-16
CZCE,PK2410,2023-10-23,2024-10-21
CZCE,PK2411,2023-11-15,2024-11-14
CZCE,PK2412,2023-12-15,2024-12-13
CZCE,PK2501,2024-01-16,2025-01-15
CZCE,PK2503,2024-03-15,2025-03-14
CZCE,PK2504,2024-04-17,2025-04-15
CZCE,PK2505,2024-06-03,2025-05-19
CZCE,PK2510,2024-10-22,2025-10-22
CZCE,PK2511,2024-11-15,2025-11-14
CZCE,PK2512,2024-12-16,2025-12-12
CZCE,PK2601,2025-01-16,2026-01-16
CZCE,PK2603,2025-03-17,2026-03-13
CZCE,PK2604,2025-04-16,2026-04-15
CZCE,PK2605,2025-05-20,2026-05-19
CZCE,PK2610,2025-10-23,2026-07-10
CZCE,PK2611,2025-11-17,2026-07-10
CZCE,PK2612,2025-12-15,2026-07-10
CZCE,PK2701,2026-01-19,2026-07-10
CZCE,PK2703,2026-03-16,2026-07-10
CZCE,PK2704,2026-04-16,2026-07-10
CZCE,PK2705,2026-05-20,2026-07-10
CZCE,PK610,2025-10-23,2026-07-10
CZCE,PK611,2025-11-17,2026-07-10
CZCE,PK612,2025-12-15,2026-07-10
CZCE,PK701,2026-01-19,2026-07-10
CZCE,PK703,2026-03-16,2026-07-10
CZCE,PK704,2026-04-16,2026-07-10
CZCE,PK705,2026-05-20,2026-07-10
CZCE,RM001,2019-01-16,2020-01-15
CZCE,RM003,2019-03-15,2020-03-10
CZCE,RM005,2019-05-20,2020-05-19
CZCE,RM007,2019-07-18,2020-07-07
CZCE,RM008,2019-08-30,2020-08-12
CZCE,RM009,2019-09-17,2020-09-14
CZCE,RM011,2019-11-15,2020-11-06
CZCE,RM101,2020-01-16,2021-01-11
CZCE,RM103,2020-03-16,2021-03-10
CZCE,RM105,2020-05-20,2021-05-18
CZCE,RM107,2020-07-15,2021-07-12
CZCE,RM108,2020-08-17,2021-08-11
CZCE,RM109,2020-09-15,2021-09-14
CZCE,RM111,2020-11-16,2021-11-11
CZCE,RM201,2021-01-18,2022-01-17
CZCE,RM203,2021-03-15,2022-03-10
CZCE,RM205,2021-05-20,2022-05-16
CZCE,RM207,2021-07-16,2022-07-14
CZCE,RM208,2021-08-16,2022-08-05
CZCE,RM209,2021-09-15,2022-09-14
CZCE,RM211,2021-11-15,2022-11-09
CZCE,RM301,2022-01-18,2023-01-16
CZCE,RM303,2022-03-15,2023-03-13
CZCE,RM305,2022-05-19,2023-05-17
CZCE,RM307,2022-07-15,2023-07-14
CZCE,RM308,2022-08-15,2023-08-14
CZCE,RM309,2022-09-16,2023-09-13
CZCE,RM311,2022-11-15,2023-11-14
CZCE,RM401,2023-01-17,2024-01-15
CZCE,RM403,2023-03-15,2024-03-14
CZCE,RM405,2023-05-18,2024-05-17
CZCE,RM407,2023-07-17,2024-07-11
CZCE,RM408,2023-08-15,2024-08-13
CZCE,RM409,2023-09-15,2024-09-13
CZCE,RM411,2023-11-15,2024-11-12
CZCE,RM501,2024-01-16,2025-01-15
CZCE,RM503,2024-03-15,2025-03-13
CZCE,RM505,2024-05-20,2025-05-19
CZCE,RM507,2024-07-15,2025-07-14
CZCE,RM508,2024-08-15,2025-08-06
CZCE,RM509,2024-09-18,2025-09-12
CZCE,RM511,2024-11-15,2025-11-14
CZCE,RM601,2016-01-04,2016-01-15
CZCE,RM601,2025-01-16,2026-01-14
CZCE,RM603,2016-01-04,2016-03-14
CZCE,RM603,2025-03-17,2026-03-13
CZCE,RM605,2016-01-04,2016-05-16
CZCE,RM605,2025-05-20,2026-05-19
CZCE,RM607,2016-01-04,2016-07-04
CZCE,RM608,2016-01-05,2016-08-09
CZCE,RM609,2016-01-04,2016-09-13
CZCE,RM611,2016-01-04,2016-10-31
CZCE,RM701,2016-01-18,2017-01-16
CZCE,RM703,2016-03-15,2017-03-14
CZCE,RM705,2016-05-17,2017-05-12
CZCE,RM707,2016-07-15,2017-07-05
CZCE,RM708,2016-08-17,2017-07-31
CZCE,RM709,2016-09-19,2017-09-08
CZCE,RM711,2016-11-15,2017-10-31
CZCE,RM801,2017-01-17,2018-01-12
CZCE,RM803,2017-03-15,2018-03-02
CZCE,RM805,2017-05-16,2018-05-15
CZCE,RM807,2017-07-18,2018-07-02
CZCE,RM808,2017-08-30,2018-08-13
CZCE,RM809,2017-09-15,2018-09-14
CZCE,RM811,2017-11-15,2018-11-01
CZCE,RM901,2018-01-16,2019-01-15
CZCE,RM903,2018-03-15,2019-03-14
CZCE,RM905,2018-05-16,2019-05-13
CZCE,RM907,2018-07-16,2019-06-27
CZCE,RM908,2018-08-24,2019-07-30
CZCE,RM909,2018-09-17,2019-09-16
CZCE,RM911,2018-11-15,2019-11-05
CZCE,SA005,2019-12-06,2020-05-18
CZCE,SA006,2019-12-06,2020-06-03
CZCE,SA007,2019-12-06,2020-07-09
CZCE,SA008,2019-12-06,2020-08-10
CZCE,SA009,2019-12-06,2020-09-11
CZCE,SA010,2019-12-06,2020-10-20
CZCE,SA011,2019-12-06,2020-11-13
CZCE,SA012,2019-12-25,2020-12-07
CZCE,SA101,2020-02-03,2021-01-15
CZCE,SA102,2020-02-20,2021-02-19
CZCE,SA103,2020-03-24,2021-03-12
CZCE,SA104,2020-05-22,2021-04-13
CZCE,SA105,2020-05-20,2021-05-19
CZCE,SA106,2020-07-07,2021-06-15
CZCE,SA107,2020-07-21,2021-07-12
CZCE,SA108,2020-08-21,2021-08-13
CZCE,SA109,2020-09-15,2021-09-14
CZCE,SA110,2020-10-27,2021-10-21
CZCE,SA111,2020-11-20,2021-11-12
CZCE,SA112,2020-12-17,2021-12-14
CZCE,SA201,2021-01-18,2022-01-17
CZCE,SA202,2021-02-24,2022-02-18
CZCE,SA203,2021-03-16,2022-03-14
CZCE,SA204,2021-04-16,2022-04-18
CZCE,SA205,2021-05-20,2022-05-18
CZCE,SA206,2021-06-17,2022-06-15
CZCE,SA207,2021-07-15,2022-07-14
CZCE,SA208,2021-08-16,2022-08-12
CZCE,SA209,2021-09-15,2022-09-15
CZCE,SA210,2021-10-22,2022-10-21
CZCE,SA211,2021-11-18,2022-11-14
CZCE,SA212,2021-12-20,2022-12-14
CZCE,SA301,2022-01-18,2023-01-16
CZCE,SA302,2022-02-21,2023-02-14
CZCE,SA303,2022-03-18,2023-03-14
CZCE,SA304,2022-04-19,2023-04-17
CZCE,SA305,2022-05-19,2023-05-17
CZCE,SA306,2022-06-16,2023-06-14
CZCE,SA307,2022-07-15,2023-07-14
CZCE,SA308,2022-08-15,2023-08-14
CZCE,SA309,2022-09-16,2023-09-14
CZCE,SA310,2022-10-24,2023-10-20
CZCE,SA311,2022-11-15,2023-11-14
CZCE,SA312,2022-12-15,2023-12-14
CZCE,SA401,2023-01-17,2024-01-15
CZCE,SA402,2023-02-15,2024-02-22
CZCE,SA403,2023-03-15,2024-03-14
CZCE,SA404,2023-04-18,2024-04-16
CZCE,SA405,2023-05-18,2024-05-17
CZCE,SA406,2023-06-15,2024-06-17
CZCE,SA407,2023-07-17,2024-07-12
CZCE,SA408,2023-08-15,2024-08-14
CZCE,SA409,2023-09-15,2024-09-13
CZCE,SA410,2023-10-23,2024-10-21
CZCE,SA411,2023-11-15,2024-11-13
CZCE,SA412,2023-12-15,2024-12-13
CZCE,SA501,2024-01-16,2025-01-14
CZCE,SA502,2024-02-23,2025-02-18
CZCE,SA503,2024-03-15,2025-03-14
CZCE,SA504,2024-04-17,2025-04-14
CZCE,SA505,2024-05-20,2025-05-19
CZCE,SA506,2024-06-18,2025-06-16
CZCE,SA507,2024-07-15,2025-07-14
CZCE,SA508,2024-08-15,2025-08-14
CZCE,SA509,2024-09-18,2025-09-12
CZCE,SA510,2024-10-22,2025-10-22
CZCE,SA511,2024-11-15,2025-11-14
CZCE,SA512,2024-12-16,2025-12-12
CZCE,SA601,2025-01-16,2026-01-16
CZCE,SA602,2025-02-19,2026-02-12
CZCE,SA603,2025-03-17,2026-03-12
CZCE,SA604,2025-04-16,2026-04-15
CZCE,SA605,2025-05-20,2026-05-19
CZCE,SA606,2025-06-17,2026-06-11
CZCE,SF001,2019-01-16,2020-01-15
CZCE,SF002,2019-03-20,2020-01-14
CZCE,SF003,2019-05-31,2020-03-12
CZCE,SF004,2019-05-31,2020-03-24
CZCE,SF005,2019-05-20,2020-05-19
CZCE,SF006,2019-11-06,2020-06-12
CZCE,SF007,2019-09-23,2020-07-14
CZCE,SF008,2020-02-17,2020-08-13
CZCE,SF009,2019-09-17,2020-09-14
CZCE,SF010,2020-01-21,2020-10-22
CZCE,SF011,2020-04-07,2020-11-13
CZCE,SF012,2020-02-20,2020-12-14
CZCE,SF101,2020-01-16,2021-01-15
CZCE,SF102,2020-05-27,2021-02-08
CZCE,SF103,2020-09-01,2021-03-10
CZCE,SF104,2020-11-02,2021-04-15
CZCE,SF105,2020-05-25,2021-05-19
CZCE,SF106,2020-12-21,2021-06-15
CZCE,SF107,2020-09-03,2021-07-14
CZCE,SF108,2020-09-07,2021-08-13
CZCE,SF109,2020-09-29,2021-09-14
CZCE,SF110,2020-11-02,2021-10-19
CZCE,SF111,2020-11-23,2021-11-12
CZCE,SF112,2021-01-07,2021-12-14
CZCE,SF201,2021-01-18,2022-01-17
CZCE,SF202,2021-03-03,2022-02-18
CZCE,SF203,2021-04-01,2022-03-14
CZCE,SF204,2021-04-29,2022-04-18
CZCE,SF205,2021-05-20,2022-05-18
CZCE,SF206,2021-07-05,2022-06-15
CZCE,SF207,2021-07-16,2022-07-13
CZCE,SF208,2021-08-23,2022-08-12
CZCE,SF209,2021-09-15,2022-09-15
CZCE,SF210,2021-10-22,2022-10-21
CZCE,SF211,2021-11-16,2022-11-14
CZCE,SF212,2021-12-17,2022-12-12
CZCE,SF301,2022-01-19,2023-01-16
CZCE,SF302,2022-02-25,2023-02-14
CZCE,SF303,2022-03-17,2023-03-14
CZCE,SF304,2022-04-19,2023-04-17
CZCE,SF305,2022-05-19,2023-05-17
CZCE,SF306,2022-06-21,2023-06-14
CZCE,SF307,2022-07-20,2023-07-14
CZCE,SF308,2022-08-18,2023-08-14
CZCE,SF309,2022-09-20,2023-09-14
CZCE,SF310,2022-10-24,2023-10-20
CZCE,SF311,2022-11-16,2023-11-14
CZCE,SF312,2022-12-15,2023-12-14
CZCE,SF401,2023-01-18,2024-01-15
CZCE,SF402,2023-02-15,2024-02-22
CZCE,SF403,2023-03-21,2024-03-12
CZCE,SF404,2023-04-18,2024-04-15
CZCE,SF405,2023-05-19,2024-05-17
CZCE,SF406,2023-06-15,2024-06-17
CZCE,SF407,2023-07-17,2024-07-10
CZCE,SF408,2023-08-16,2024-08-13
CZCE,SF409,2023-09-15,2024-09-13
CZCE,SF410,2023-10-23,2024-10-21
CZCE,SF411,2023-11-17,2024-11-12
CZCE,SF412,2023-12-18,2024-12-06
CZCE,SF501,2024-01-17,2025-01-15
CZCE,SF502,2024-02-27,2025-02-14
CZCE,SF503,2024-03-18,2025-03-13
CZCE,SF504,2024-04-22,2025-04-15
CZCE,SF505,2024-05-20,2025-05-19
CZCE,SF506,2024-06-18,2025-06-16
CZCE,SF507,2024-07-16,2025-07-14
CZCE,SF508,2024-08-19,2025-08-14
CZCE,SF509,2024-09-20,2025-09-12
CZCE,SF510,2024-10-23,2025-10-17
CZCE,SF511,2024-11-18,2025-11-14
CZCE,SF512,2024-12-16,2025-12-10
CZCE,SF601,2016-01-04,2016-01-04
CZCE,SF601,2025-01-16,2026-01-15
CZCE,SF602,2025-02-19,2026-02-11
CZCE,SF603,2025-03-17,2026-03-13
CZCE,SF604,2025-04-16,2026-04-13
CZCE,SF605,2016-01-04,2016-04-29
CZCE,SF605,2025-05-21,2026-05-14
CZCE,SF606,2025-06-17,2026-06-09
CZCE,SF609,2016-01-15,2016-09-08
CZCE,SF610,2016-04-14,2016-08-04
CZCE,SF611,2016-07-11,2016-09-02
CZCE,SF612,2016-04-05,2016-06-20
CZCE,SF701,2016-03-03,2017-01-10
CZCE,SF702,2016-06-23,2017-01-09
CZCE,SF703,2016-07-29,2016-11-15
CZCE,SF704,2016-07-08,2016-09-26
CZCE,SF704,2017-03-31,2017-04-05
CZCE,SF705,2016-07-08,2017-05-11
CZCE,SF706,2016-07-08,2017-06-05
CZCE,SF707,2016-08-09,2016-08-24
CZCE,SF707,2017-03-22,2017-06-26
CZCE,SF708,2016-10-28,2017-06-07
CZCE,SF709,2016-09-22,2017-09-11
CZCE,SF710,2016-12-08,2017-09-29
CZCE,SF711,2017-02-03,2017-10-30
CZCE,SF712,2017-02-03,2017-02-03
CZCE,SF712,2017-11-17,2017-11-29
CZCE,SF801,2017-01-18,2018-01-15
CZCE,SF802,2017-02-21,2018-02-14
CZCE,SF803,2017-12-26,2018-03-02
CZCE,SF804,2017-07-06,2018-04-16
CZCE,SF805,2017-05-23,2018-05-15
CZCE,SF806,2017-12-14,2018-06-04
CZCE,SF807,2018-04-10,2018-07-12
CZCE,SF808,2017-12-06,2018-08-13
CZCE,SF809,2017-09-15,2018-09-14
CZCE,SF810,2017-10-23,2018-09-27
CZCE,SF811,2017-11-24,2017-11-24
CZCE,SF811,2018-07-04,2018-09-27
CZCE,SF812,2018-05-08,2018-11-30
CZCE,SF901,2018-01-16,2019-01-15
CZCE,SF902,2018-03-20,2019-01-10
CZCE,SF903,2018-03-23,2018-11-27
CZCE,SF904,2018-10-30,2019-04-15
CZCE,SF905,2018-05-16,2019-05-16
CZCE,SF906,2018-10-24,2019-06-11
CZCE,SF907,2018-08-08,2018-08-08
CZCE,SF907,2019-06-04,2019-07-02
CZCE,SF908,2018-09-17,2018-09-17
CZCE,SF908,2019-03-26,2019-08-07
CZCE,SF909,2018-09-17,2019-09-16
CZCE,SF910,2018-10-24,2019-10-10
CZCE,SF911,2018-11-27,2019-11-14
CZCE,SF912,2019-01-03,2019-11-28
CZCE,SM001,2019-01-16,2020-01-15
CZCE,SM002,2019-04-02,2019-09-04
CZCE,SM003,2019-04-23,2020-01-20
CZCE,SM004,2019-05-14,2020-03-20
CZCE,SM005,2019-05-20,2020-05-19
CZCE,SM006,2019-07-26,2020-05-28
CZCE,SM007,2020-04-01,2020-07-14
CZCE,SM008,2020-03-30,2020-08-11
CZCE,SM009,2019-09-17,2020-09-14
CZCE,SM010,2019-11-07,2020-10-12
CZCE,SM011,2019-11-22,2020-11-05
CZCE,SM012,2020-01-08,2020-12-10
CZCE,SM101,2020-01-16,2021-01-15
CZCE,SM102,2020-04-16,2021-02-18
CZCE,SM103,2020-04-01,2021-03-12
CZCE,SM104,2020-05-14,2021-04-15
CZCE,SM105,2020-05-22,2021-05-19
CZCE,SM106,2020-12-04,2021-06-15
CZCE,SM107,2020-07-21,2021-07-14
CZCE,SM108,2020-08-21,2021-08-13
CZCE,SM109,2020-09-15,2021-09-14
CZCE,SM110,2020-10-26,2021-10-21
CZCE,SM111,2020-12-07,2021-11-12
CZCE,SM112,2020-12-22,2021-12-10
CZCE,SM201,2021-01-18,2022-01-17
CZCE,SM202,2021-03-08,2022-02-18
CZCE,SM203,2021-03-16,2022-03-14
CZCE,SM204,2021-04-27,2022-04-18
CZCE,SM205,2021-05-24,2022-05-18
CZCE,SM206,2021-07-01,2022-06-14
CZCE,SM207,2021-07-15,2022-07-13
CZCE,SM208,2021-08-31,2022-08-12
CZCE,SM209,2021-09-15,2022-09-15
CZCE,SM210,2021-10-25,2022-10-20
CZCE,SM211,2021-11-22,2022-11-11
CZCE,SM212,2021-12-17,2022-12-12
CZCE,SM301,2022-01-20,2023-01-10
CZCE,SM302,2022-04-01,2023-02-13
CZCE,SM303,2022-03-24,2023-03-14
CZCE,SM304,2022-04-27,2023-04-17
CZCE,SM305,2022-05-25,2023-05-17
CZCE,SM306,2022-06-22,2023-06-14
CZCE,SM307,2022-07-21,2023-07-12
CZCE,SM308,2022-08-17,2023-08-11
CZCE,SM309,2022-09-16,2023-09-07
CZCE,SM310,2022-10-24,2023-10-20
CZCE,SM311,2022-11-16,2023-11-10
CZCE,SM312,2022-12-19,2023-12-14
CZCE,SM401,2023-01-17,2024-01-15
CZCE,SM402,2023-03-06,2024-02-22
CZCE,SM403,2023-03-15,2024-03-14
CZCE,SM404,2023-04-20,2024-04-16
CZCE,SM405,2023-05-18,2024-05-17
CZCE,SM406,2023-06-19,2024-06-17
CZCE,SM407,2023-07-17,2024-07-12
CZCE,SM408,2023-08-15,2024-08-14
CZCE,SM409,2023-09-15,2024-09-13
CZCE,SM410,2023-10-23,2024-10-21
CZCE,SM411,2023-11-15,2024-11-14
CZCE,SM412,2023-12-19,2024-12-13
CZCE,SM501,2024-01-16,2025-01-15
CZCE,SM502,2024-02-28,2025-02-18
CZCE,SM503,2024-03-15,2025-03-14
CZCE,SM504,2024-04-22,2025-04-15
CZCE,SM505,2024-05-20,2025-05-19
CZCE,SM506,2024-06-18,2025-06-16
CZCE,SM507,2024-07-15,2025-07-14
CZCE,SM508,2024-08-15,2025-08-14
CZCE,SM509,2024-09-18,2025-09-12
CZCE,SM510,2024-10-23,2025-10-17
CZCE,SM511,2024-11-19,2025-11-12
CZCE,SM512,2024-12-17,2025-12-11
CZCE,SM601,2016-01-04,2016-01-04
CZCE,SM601,2025-01-16,2026-01-16
CZCE,SM602,2025-02-19,2026-02-05
CZCE,SM603,2025-03-17,2026-03-12
CZCE,SM604,2025-04-16,2026-04-15
CZCE,SM605,2016-01-04,2016-05-11
CZCE,SM605,2025-05-20,2026-05-18
CZCE,SM606,2025-06-17,2026-06-12
CZCE,SM609,2016-01-08,2016-09-06
CZCE,SM612,2016-07-26,2016-11-09
CZCE,SM701,2016-01-28,2017-01-03
CZCE,SM702,2016-07-29,2016-07-29
CZCE,SM704,2017-01-10,2017-01-24
CZCE,SM705,2016-07-29,2017-05-15
CZCE,SM706,2017-03-28,2017-04-10
CZCE,SM707,2017-05-11,2017-05-11
CZCE,SM708,2016-09-05,2017-06-01
CZCE,SM709,2016-09-21,2017-09-14
CZCE,SM710,2017-04-05,2017-06-14
CZCE,SM711,2017-10-30,2017-10-30
CZCE,SM712,2017-03-23,2017-11-17
CZCE,SM801,2017-01-17,2018-01-15
CZCE,SM802,2017-05-11,2017-11-16
CZCE,SM803,2017-06-19,2017-08-08
CZCE,SM804,2017-07-06,2017-10-27
CZCE,SM805,2017-05-17,2018-05-14
CZCE,SM806,2017-08-08,2017-11-17
CZCE,SM807,2017-08-07,2018-06-29
CZCE,SM808,2017-09-19,2017-09-19
CZCE,SM808,2018-07-31,2018-07-31
CZCE,SM809,2017-09-15,2018-09-14
CZCE,SM810,2017-11-24,2018-08-24
CZCE,SM811,2017-11-17,2018-11-14
CZCE,SM812,2018-01-08,2018-01-11
CZCE,SM812,2018-09-18,2018-11-29
CZCE,SM901,2018-01-16,2019-01-15
CZCE,SM902,2018-08-28,2019-01-21
CZCE,SM903,2018-11-26,2019-02-22
CZCE,SM904,2018-11-07,2019-03-26
CZCE,SM905,2018-05-16,2019-05-17
CZCE,SM906,2018-11-27,2019-05-16
CZCE,SM907,2018-08-20,2018-08-23
CZCE,SM908,2019-04-19,2019-07-12
CZCE,SM909,2018-09-17,2019-09-10
CZCE,SM910,2019-03-15,2019-09-20
CZCE,SM911,2019-01-02,2019-07-04
CZCE,SM912,2019-01-03,2019-12-02
CZCE,SR001,2019-01-16,2020-01-13
CZCE,SR003,2019-03-19,2020-03-09
CZCE,SR005,2019-05-20,2020-05-11
CZCE,SR007,2019-07-15,2020-07-14
CZCE,SR009,2019-09-17,2020-09-14
CZCE,SR011,2019-11-15,2020-11-13
CZCE,SR101,2020-01-16,2021-01-15
CZCE,SR103,2020-03-16,2021-03-12
CZCE,SR105,2020-05-20,2021-05-19
CZCE,SR107,2020-07-15,2021-07-14
CZCE,SR109,2020-09-15,2021-09-14
CZCE,SR111,2020-11-16,2021-11-11
CZCE,SR201,2021-01-18,2022-01-14
CZCE,SR203,2021-03-16,2022-03-14
CZCE,SR205,2021-05-20,2022-05-18
CZCE,SR207,2021-07-15,2022-07-14
CZCE,SR209,2021-09-15,2022-09-15
CZCE,SR211,2021-11-16,2022-11-10
CZCE,SR301,2022-01-18,2023-01-16
CZCE,SR303,2022-03-17,2023-03-14
CZCE,SR305,2022-05-19,2023-05-17
CZCE,SR307,2022-07-15,2023-07-14
CZCE,SR309,2022-09-16,2023-09-14
CZCE,SR311,2022-11-17,2023-11-13
CZCE,SR401,2023-01-17,2024-01-15
CZCE,SR403,2023-03-15,2024-03-14
CZCE,SR405,2023-05-18,2024-05-17
CZCE,SR407,2023-07-17,2024-07-12
CZCE,SR409,2023-09-15,2024-09-13
CZCE,SR411,2023-11-15,2024-11-14
CZCE,SR501,2024-01-16,2025-01-14
CZCE,SR503,2024-03-15,2025-03-14
CZCE,SR505,2024-05-20,2025-05-16
CZCE,SR507,2024-07-15,2025-07-14
CZCE,SR509,2024-09-18,2025-09-12
CZCE,SR511,2024-11-15,2025-11-13
CZCE,SR601,2016-01-04,2016-01-15
CZCE,SR601,2025-01-16,2026-01-16
CZCE,SR603,2016-01-04,2016-03-14
CZCE,SR603,2025-03-17,2026-03-09
CZCE,SR605,2016-01-04,2016-05-13
CZCE,SR605,2025-05-20,2026-05-19
CZCE,SR607,2016-01-04,2016-07-13
CZCE,SR609,2016-01-04,2016-09-14
CZCE,SR611,2016-01-05,2016-11-14
CZCE,SR701,2016-01-04,2017-01-16
CZCE,SR703,2016-01-04,2017-03-13
CZCE,SR705,2016-01-04,2017-05-15
CZCE,SR707,2016-01-19,2017-07-14
CZCE,SR709,2016-03-15,2017-09-14
CZCE,SR711,2016-05-20,2017-11-13
CZCE,SR801,2016-07-19,2018-01-15
CZCE,SR803,2016-09-26,2018-03-08
CZCE,SR805,2016-11-15,2018-05-15
CZCE,SR807,2017-02-13,2018-07-13
CZCE,SR809,2017-03-15,2018-09-14
CZCE,SR811,2017-05-18,2018-11-13
CZCE,SR901,2017-07-17,2019-01-15
CZCE,SR903,2017-09-25,2019-03-11
CZCE,SR905,2017-11-15,2019-05-17
CZCE,SR907,2018-01-17,2019-07-10
CZCE,SR909,2018-03-15,2019-09-16
CZCE,SR911,2018-11-15,2019-11-13
CZCE,TA001,2019-01-16,2020-01-15
CZCE,TA002,2019-03-06,2020-02-06
CZCE,TA003,2019-03-15,2020-03-13
CZCE,TA004,2019-04-17,2020-04-15
CZCE,TA005,2019-05-20,2020-05-19
CZCE,TA006,2019-06-20,2020-06-03
CZCE,TA007,2019-07-15,2020-07-14
CZCE,TA008,2019-08-15,2020-08-14
CZCE,TA009,2019-09-17,2020-09-14
CZCE,TA010,2019-10-22,2020-10-22
CZCE,TA011,2019-11-21,2020-11-13
CZCE,TA012,2019-12-24,2020-12-14
CZCE,TA101,2020-01-16,2021-01-15
CZCE,TA102,2020-02-17,2021-02-19
CZCE,TA103,2020-03-17,2021-03-12
CZCE,TA104,2020-04-17,2021-04-14
CZCE,TA105,2020-05-20,2021-05-19
CZCE,TA106,2020-06-16,2021-06-15
CZCE,TA107,2020-07-15,2021-07-14
CZCE,TA108,2020-08-18,2021-08-13
CZCE,TA109,2020-09-15,2021-09-14
CZCE,TA110,2020-10-26,2021-10-21
CZCE,TA111,2020-11-16,2021-11-12
CZCE,TA112,2020-12-17,2021-12-14
CZCE,TA201,2021-01-18,2022-01-17
CZCE,TA202,2021-02-22,2022-02-18
CZCE,TA203,2021-03-16,2022-03-14
CZCE,TA204,2021-04-21,2022-04-18
CZCE,TA205,2021-05-20,2022-05-18
CZCE,TA206,2021-06-16,2022-06-15
CZCE,TA207,2021-07-16,2022-07-14
CZCE,TA208,2021-08-19,2022-08-12
CZCE,TA209,2021-09-15,2022-09-15
CZCE,TA210,2021-10-25,2022-10-21
CZCE,TA211,2021-11-18,2022-11-14
CZCE,TA212,2021-12-20,2022-12-14
CZCE,TA301,2022-01-18,2023-01-16
CZCE,TA302,2022-02-22,2023-02-14
CZCE,TA303,2022-03-15,2023-03-14
CZCE,TA304,2022-04-21,2023-04-17
CZCE,TA305,2022-05-19,2023-05-17
CZCE,TA306,2022-06-16,2023-06-14
CZCE,TA307,2022-07-15,2023-07-14
CZCE,TA308,2022-08-15,2023-08-14
CZCE,TA309,2022-09-16,2023-09-14
CZCE,TA310,2022-10-24,2023-10-20
CZCE,TA311,2022-11-16,2023-11-14
CZCE,TA312,2022-12-15,2023-12-14
CZCE,TA401,2023-01-17,2024-01-15
CZCE,TA402,2023-02-16,2024-02-22
CZCE,TA403,2023-03-15,2024-03-14
CZCE,TA404,2023-04-18,2024-04-16
CZCE,TA405,2023-05-18,2024-05-17
CZCE,TA406,2023-06-15,2024-06-17
CZCE,TA407,2023-07-17,2024-07-12
CZCE,TA408,2023-08-15,2024-08-12
CZCE,TA409,2023-09-15,2024-09-13
CZCE,TA410,2023-10-23,2024-10-21
CZCE,TA411,2023-11-17,2024-11-14
CZCE,TA412,2023-12-15,2024-12-13
CZCE,TA501,2024-01-16,2025-01-15
CZCE,TA502,2024-02-26,2025-02-18
CZCE,TA503,2024-03-15,2025-03-14
CZCE,TA504,2024-04-17,2025-04-15
CZCE,TA505,2024-05-20,2025-05-19
CZCE,TA506,2024-06-19,2025-06-16
CZCE,TA507,2024-07-17,2025-07-14
CZCE,TA508,2024-08-16,2025-08-14
CZCE,TA509,2024-09-18,2025-09-12
CZCE,TA510,2024-10-22,2025-10-22
CZCE,TA511,2024-11-15,2025-11-14
CZCE,TA512,2024-12-19,2025-12-12
CZCE,TA601,2016-01-04,2016-01-15
CZCE,TA601,2025-01-16,2026-01-16
CZCE,TA602,2016-01-15,2016-02-18
CZCE,TA602,2025-02-20,2026-02-12
CZCE,TA603,2016-01-04,2016-03-09
CZCE,TA603,2025-03-17,2026-03-13
CZCE,TA604,2016-01-05,2016-04-13
CZCE,TA604,2025-04-16,2026-04-15
CZCE,TA605,2016-01-04,2016-05-16
CZCE,TA605,2025-05-20,2026-05-19
CZCE,TA606,2016-01-04,2016-06-16
CZCE,TA606,2025-06-17,2026-06-12
CZCE,TA607,2016-02-18,2016-07-04
CZCE,TA608,2016-01-13,2016-08-12
CZCE,TA609,2016-01-04,2016-09-14
CZCE,TA610,2016-01-05,2016-10-20
CZCE,TA611,2016-02-19,2016-11-14
CZCE,TA612,2016-02-05,2016-12-14
CZCE,TA701,2016-01-18,2017-01-16
CZCE,TA702,2016-02-23,2017-02-16
CZCE,TA703,2016-03-28,2017-03-14
CZCE,TA704,2016-04-19,2017-04-17
CZCE,TA705,2016-05-17,2017-05-15
CZCE,TA706,2016-06-30,2017-06-14
CZCE,TA707,2016-07-19,2017-07-14
CZCE,TA708,2016-08-23,2017-08-07
CZCE,TA709,2016-09-19,2017-09-14
CZCE,TA710,2016-10-27,2017-10-16
CZCE,TA711,2016-11-28,2017-11-06
CZCE,TA712,2016-12-19,2017-11-30
CZCE,TA801,2017-01-17,2018-01-15
CZCE,TA802,2017-02-23,2018-01-29
CZCE,TA803,2017-03-16,2018-03-14
CZCE,TA804,2017-04-28,2018-04-17
CZCE,TA805,2017-05-16,2018-05-15
CZCE,TA806,2017-06-15,2018-06-07
CZCE,TA807,2017-07-21,2018-07-13
CZCE,TA808,2017-11-21,2018-08-03
CZCE,TA809,2017-09-15,2018-09-14
CZCE,TA810,2017-11-06,2018-10-16
CZCE,TA811,2017-12-06,2018-11-14
CZCE,TA812,2018-01-02,2018-12-14
CZCE,TA901,2018-01-16,2019-01-15
CZCE,TA902,2018-02-26,2019-02-13
CZCE,TA903,2018-03-23,2019-03-14
CZCE,TA904,2018-05-08,2019-04-12
CZCE,TA905,2018-05-16,2019-05-17
CZCE,TA906,2018-06-25,2019-06-04
CZCE,TA907,2018-07-31,2019-07-12
CZCE,TA908,2018-08-15,2019-08-14
CZCE,TA909,2018-09-17,2019-09-16
CZCE,TA910,2018-10-22,2019-10-17
CZCE,TA911,2018-11-16,2019-11-14
CZCE,TA912,2018-12-17,2019-12-10
CZCE,UR001,2019-08-09,2020-01-13
CZCE,UR002,2019-08-09,2020-02-06
CZCE,UR003,2019-08-09,2020-03-03
CZCE,UR004,2019-08-09,2020-04-10
CZCE,UR005,2019-08-09,2020-05-19
CZCE,UR006,2019-08-09,2020-05-29
CZCE,UR007,2019-08-09,2020-07-06
CZCE,UR008,2019-09-16,2020-07-27
CZCE,UR009,2019-09-20,2020-09-14
CZCE,UR010,2019-10-28,2020-10-15
CZCE,UR011,2020-01-09,2020-11-13
CZCE,UR012,2019-12-19,2020-12-09
CZCE,UR101,2020-01-16,2021-01-15
CZCE,UR102,2020-02-25,2021-02-01
CZCE,UR103,2020-03-17,2021-03-10
CZCE,UR104,2020-04-21,2021-03-31
CZCE,UR105,2020-05-20,2021-05-19
CZCE,UR106,2020-08-17,2021-06-04
CZCE,UR107,2020-07-17,2021-07-14
CZCE,UR108,2020-10-28,2021-08-12
CZCE,UR109,2020-09-15,2021-09-13
CZCE,UR110,2020-11-06,2021-09-30
CZCE,UR111,2020-11-19,2021-11-03
CZCE,UR112,2020-12-21,2021-12-09
CZCE,UR201,2021-01-18,2022-01-17
CZCE,UR202,2021-02-22,2022-02-07
CZCE,UR203,2021-03-23,2022-03-14
CZCE,UR204,2021-04-29,2022-04-07
CZCE,UR205,2021-05-20,2022-05-18
CZCE,UR206,2021-07-05,2022-06-09
CZCE,UR207,2021-07-15,2022-07-11
CZCE,UR208,2021-08-27,2022-08-04
CZCE,UR209,2021-09-15,2022-09-15
CZCE,UR210,2021-10-28,2022-10-21
CZCE,UR211,2021-11-23,2022-11-14
CZCE,UR212,2021-12-15,2022-12-13
CZCE,UR301,2022-01-18,2023-01-16
CZCE,UR302,2022-02-22,2023-02-13
CZCE,UR303,2022-03-24,2023-03-14
CZCE,UR304,2022-04-19,2023-04-14
CZCE,UR305,2022-05-19,2023-05-17
CZCE,UR306,2022-06-16,2023-06-14
CZCE,UR307,2022-07-21,2023-07-14
CZCE,UR308,2022-08-15,2023-08-11
CZCE,UR309,2022-09-16,2023-09-14
CZCE,UR310,2022-10-24,2023-10-20
CZCE,UR311,2022-11-16,2023-11-14
CZCE,UR312,2022-12-16,2023-12-14
CZCE,UR401,2023-01-17,2024-01-15
CZCE,UR402,2023-02-15,2024-02-22
CZCE,UR403,2023-03-15,2024-03-14
CZCE,UR404,2023-04-19,2024-04-16
CZCE,UR405,2023-05-18,2024-05-17
CZCE,UR406,2023-06-15,2024-06-17
CZCE,UR407,2023-07-17,2024-07-12
CZCE,UR408,2023-08-15,2024-08-13
CZCE,UR409,2023-09-15,2024-09-13
CZCE,UR410,2023-10-23,2024-10-21
CZCE,UR411,2023-11-15,2024-11-14
CZCE,UR412,2023-12-15,2024-12-13
CZCE,UR501,2024-01-16,2025-01-15
CZCE,UR502,2024-02-23,2025-02-18
CZCE,UR503,2024-03-15,2025-03-14
CZCE,UR504,2024-04-17,2025-04-15
CZCE,UR505,2024-05-20,2025-05-19
CZCE,UR506,2024-06-18,2025-06-16
CZCE,UR507,2024-07-15,2025-07-14
CZCE,UR508,2024-08-15,2025-08-14
CZCE,UR509,2024-09-18,2025-09-12
CZCE,UR510,2024-10-22,2025-10-22
CZCE,UR511,2024-11-15,2025-11-14
CZCE,UR512,2024-12-16,2025-12-12
CZCE,UR601,2025-01-16,2026-01-16
CZCE,UR602,2025-02-19,2026-02-13
CZCE,UR603,2025-03-17,2026-03-13
CZCE,UR604,2025-04-16,2026-04-15
CZCE,UR605,2025-05-20,2026-05-19
CZCE,UR606,2025-06-17,2026-06-12
DCE,C1601,2016-01-04,2016-01-15
DCE,C1603,2016-01-04,2016-03-14
DCE,C1605,2016-01-04,2016-05-16
DCE,C1607,2016-01-04,2016-07-14
DCE,C1609,2016-01-04,2016-09-14
DCE,C1611,2016-01-04,2016-11-14
DCE,C1701,2016-01-18,2017-01-16
DCE,C1703,2016-03-15,2017-03-14
DCE,C1705,2016-05-17,2017-05-15
DCE,C1707,2016-07-15,2017-07-14
DCE,C1709,2016-09-19,2017-09-14
DCE,C1711,2016-11-15,2017-11-14
DCE,C1801,2017-01-17,2018-01-15
DCE,C1803,2017-03-15,2018-03-14
DCE,C1805,2017-05-16,2018-05-15
DCE,C1807,2017-07-17,2018-07-13
DCE,C1809,2017-09-15,2018-09-14
DCE,C1811,2017-11-15,2018-11-14
DCE,C1901,2018-01-16,2019-01-15
DCE,C1903,2018-03-15,2019-03-14
DCE,C1905,2018-05-16,2019-05-17
DCE,C1907,2018-07-16,2019-07-12
DCE,C1909,2018-09-17,2019-09-16
DCE,C1911,2018-11-15,2019-11-14
DCE,C2001,2019-01-16,2020-01-15
DCE,C2003,2019-03-15,2020-03-13
DCE,C2005,2019-05-20,2020-05-19
DCE,C2007,2019-07-15,2020-07-14
DCE,C2009,2019-09-17,2020-09-14
DCE,C2011,2019-11-15,2020-11-13
DCE,C2101,2020-01-16,2021-01-15
DCE,C2103,2020-03-16,2021-03-12
DCE,C2105,2020-05-20,2021-05-19
DCE,C2107,2020-07-15,2021-07-14
DCE,C2109,2020-09-15,2021-09-14
DCE,C2111,2020-11-16,2021-11-12
DCE,C2201,2021-01-18,2022-01-17
DCE,C2203,2021-03-15,2022-03-14
DCE,C2205,2021-05-20,2022-05-18
DCE,C2207,2021-07-15,2022-07-14
DCE,C2209,2021-09-15,2022-09-15
DCE,C2211,2021-11-15,2022-11-14
DCE,C2301,2022-01-18,2023-01-16
DCE,C2303,2022-03-15,2023-03-14
DCE,C2305,2022-05-19,2023-05-17
DCE,C2307,2022-07-15,2023-07-14
DCE,C2309,2022-09-16,2023-09-14
DCE,C2311,2022-11-15,2023-11-14
DCE,C2401,2023-01-17,2024-01-15
DCE,C2403,2023-03-15,2024-03-14
DCE,C2405,2023-05-18,2024-05-17
DCE,C2407,2023-07-17,2024-07-12
DCE,C2409,2023-09-15,2024-09-13
DCE,C2411,2023-11-15,2024-11-14
DCE,C2501,2024-01-16,2025-01-15
DCE,C2503,2024-03-15,2025-03-14
DCE,C2505,2024-05-20,2025-05-19
DCE,C2507,2024-07-15,2025-07-14
DCE,C2509,2024-09-18,2025-09-12
DCE,C2511,2024-11-15,2025-11-14
DCE,C2601,2025-01-16,2026-01-16
DCE,C2603,2025-03-17,2026-03-13
DCE,C2605,2025-05-20,2026-05-19
DCE,EG1906,2018-12-10,2019-06-25
DCE,EG1907,2018-12-10,2019-07-26
DCE,EG1908,2018-12-10,2019-08-27
DCE,EG1909,2018-12-10,2019-09-25
DCE,EG1910,2018-12-10,2019-10-28
DCE,EG1911,2018-12-10,2019-11-26
DCE,EG1912,2018-12-26,2019-12-26
DCE,EG2001,2019-01-29,2020-01-21
DCE,EG2002,2019-02-26,2020-02-25
DCE,EG2003,2019-03-27,2020-03-26
DCE,EG2004,2019-04-26,2020-04-27
DCE,EG2005,2019-05-29,2020-05-26
DCE,EG2006,2019-06-26,2020-06-23
DCE,EG2007,2019-07-29,2020-07-28
DCE,EG2008,2019-08-28,2020-08-26
DCE,EG2009,2019-09-26,2020-09-25
DCE,EG2010,2019-10-29,2020-10-27
DCE,EG2011,2019-11-27,2020-11-25
DCE,EG2012,2019-12-27,2020-12-28
DCE,EG2101,2020-01-22,2021-01-26
DCE,EG2102,2020-02-26,2021-02-23
DCE,EG2103,2020-03-27,2021-03-26
DCE,EG2104,2020-04-28,2021-04-27
DCE,EG2105,2020-05-27,2021-05-26
DCE,EG2106,2020-06-24,2021-06-25
DCE,EG2107,2020-07-29,2021-07-27
DCE,EG2108,2020-08-27,2021-08-26
DCE,EG2109,2020-09-28,2021-09-27
DCE,EG2110,2020-10-28,2021-10-26
DCE,EG2111,2020-11-26,2021-11-25
DCE,EG2112,2020-12-29,2021-12-28
DCE,EG2201,2021-01-27,2022-01-25
DCE,EG2202,2021-02-24,2022-02-23
DCE,EG2203,2021-03-29,2022-03-28
DCE,EG2204,2021-04-28,2022-04-26
DCE,EG2205,2021-05-27,2022-05-26
DCE,EG2206,2021-06-28,2022-06-27
DCE,EG2207,2021-07-28,2022-07-26
DCE,EG2208,2021-08-27,2022-08-26
DCE,EG2209,2021-09-28,2022-09-27
DCE,EG2210,2021-10-27,2022-10-26
DCE,EG2211,2021-11-26,2022-11-25
DCE,EG2212,2021-12-29,2022-12-27
DCE,EG2301,2022-01-26,2023-01-19
DCE,EG2302,2022-02-24,2023-02-23
DCE,EG2303,2022-03-29,2023-03-28
DCE,EG2304,2022-04-27,2023-04-25
DCE,EG2305,2022-05-27,2023-05-26
DCE,EG2306,2022-06-28,2023-06-27
DCE,EG2307,2022-07-27,2023-07-12
DCE,EG2308,2022-08-29,2023-08-28
DCE,EG2309,2022-09-28,2023-09-25
DCE,EG2310,2022-10-27,2023-10-25
DCE,EG2311,2022-11-28,2023-11-27
DCE,EG2312,2022-12-28,2023-12-08
DCE,EG2401,2023-01-20,2024-01-26
DCE,EG2402,2023-02-24,2024-02-21
DCE,EG2403,2023-03-29,2024-03-26
DCE,EG2404,2023-04-26,2024-04-16
DCE,EG2405,2023-05-29,2024-05-14
DCE,EG2406,2023-06-28,2024-06-20
DCE,EG2407,2023-07-27,2024-07-19
DCE,EG2408,2023-08-29,2024-08-16
DCE,EG2409,2023-09-26,2024-09-25
DCE,EG2410,2023-10-27,2024-10-09
DCE,EG2411,2023-11-28,2024-11-14
DCE,EG2412,2023-12-27,2024-12-03
DCE,EG2501,2024-01-29,2025-01-20
DCE,EG2502,2024-02-27,2025-02-25
DCE,EG2503,2024-03-27,2025-03-25
DCE,EG2504,2024-04-26,2025-04-16
DCE,EG2505,2024-05-29,2025-05-27
DCE,EG2506,2024-06-26,2025-06-25
DCE,EG2507,2024-07-29,2025-07-23
DCE,EG2508,2024-08-28,2025-08-15
DCE,EG2509,2024-09-26,2025-09-24
DCE,EG2510,2024-10-29,2025-10-21
DCE,EG2511,2024-11-27,2025-11-25
DCE,EG2512,2024-12-27,2025-12-26
DCE,EG2601,2025-01-23,2026-01-27
DCE,EG2602,2025-02-26,2026-02-24
DCE,EG2603,2025-03-27,2026-03-12
DCE,EG2604,2025-04-28,2026-04-13
DCE,EG2605,2025-05-28,2026-05-26
DCE,EG2606,2025-06-26,2026-06-25
DCE,I1601,2016-01-04,2016-01-15
DCE,I1602,2016-01-04,2016-02-19
DCE,I1603,2016-01-04,2016-03-14
DCE,I1604,2016-01-04,2016-04-15
DCE,I1605,2016-01-04,2016-05-16
DCE,I1606,2016-01-04,2016-06-16
DCE,I1607,2016-01-04,2016-07-14
DCE,I1608,2016-01-04,2016-08-12
DCE,I1609,2016-01-04,2016-09-14
DCE,I1610,2016-01-04,2016-10-21
DCE,I1611,2016-01-04,2016-11-14
DCE,I1612,2016-01-04,2016-12-14
DCE,I1701,2016-01-18,2017-01-16
DCE,I1702,2016-02-22,2017-02-16
DCE,I1703,2016-03-15,2017-03-14
DCE,I1704,2016-04-18,2017-04-18
DCE,I1705,2016-05-17,2017-05-15
DCE,I1706,2016-06-17,2017-06-14
DCE,I1707,2016-07-15,2017-07-14
DCE,I1708,2016-08-15,2017-08-14
DCE,I1709,2016-09-19,2017-09-14
DCE,I1710,2016-10-24,2017-10-20
DCE,I1711,2016-11-15,2017-11-14
DCE,I1712,2016-12-15,2017-12-14
DCE,I1801,2017-01-17,2018-01-15
DCE,I1802,2017-02-17,2018-02-14
DCE,I1803,2017-03-15,2018-03-14
DCE,I1804,2017-04-19,2018-04-17
DCE,I1805,2017-05-16,2018-05-15
DCE,I1806,2017-06-15,2018-06-14
DCE,I1807,2017-07-17,2018-07-13
DCE,I1808,2017-08-15,2018-08-14
DCE,I1809,2017-09-15,2018-09-14
DCE,I1810,2017-10-23,2018-10-19
DCE,I1811,2017-11-15,2018-11-14
DCE,I1812,2017-12-15,2018-12-14
DCE,I1901,2018-01-16,2019-01-15
DCE,I1902,2018-02-22,2019-02-21
DCE,I1903,2018-03-15,2019-03-14
DCE,I1904,2018-04-18,2019-04-15
DCE,I1905,2018-05-16,2019-05-17
DCE,I1906,2018-06-15,2019-06-17
DCE,I1907,2018-07-16,2019-07-12
DCE,I1908,2018-08-15,2019-08-14
DCE,I1909,2018-09-17,2019-09-16
DCE,I1910,2018-10-22,2019-10-21
DCE,I1911,2018-11-15,2019-11-14
DCE,I1912,2018-12-17,2019-12-13
DCE,I2001,2019-01-16,2020-01-15
DCE,I2002,2019-02-22,2020-02-14
DCE,I2003,2019-03-15,2020-03-13
DCE,I2004,2019-04-16,2020-04-15
DCE,I2005,2019-05-20,2020-05-19
DCE,I2006,2019-06-18,2020-06-12
DCE,I2007,2019-07-15,2020-07-14
DCE,I2008,2019-08-15,2020-08-14
DCE,I2009,2019-09-17,2020-09-14
DCE,I2010,2019-10-22,2020-10-22
DCE,I2011,2019-11-15,2020-11-13
DCE,I2012,2019-12-16,2020-12-14
DCE,I2101,2020-01-16,2021-01-15
DCE,I2102,2020-02-17,2021-02-19
DCE,I2103,2020-03-16,2021-03-12
DCE,I2104,2020-04-16,2021-04-15
DCE,I2105,2020-05-20,2021-05-19
DCE,I2106,2020-06-15,2021-06-15
DCE,I2107,2020-07-15,2021-07-14
DCE,I2108,2020-08-17,2021-08-13
DCE,I2109,2020-09-15,2021-09-14
DCE,I2110,2020-10-23,2021-10-21
DCE,I2111,2020-11-16,2021-11-12
DCE,I2112,2020-12-15,2021-12-14
DCE,I2201,2021-01-18,2022-01-17
DCE,I2202,2021-02-22,2022-02-18
DCE,I2203,2021-03-15,2022-03-14
DCE,I2204,2021-04-16,2022-04-18
DCE,I2205,2021-05-20,2022-05-18
DCE,I2206,2021-06-16,2022-06-15
DCE,I2207,2021-07-15,2022-07-14
DCE,I2208,2021-08-16,2022-08-12
DCE,I2209,2021-09-15,2022-09-15
DCE,I2210,2021-10-22,2022-10-21
DCE,I2211,2021-11-15,2022-11-14
DCE,I2212,2021-12-15,2022-12-14
DCE,I2301,2022-01-18,2023-01-16
DCE,I2302,2022-02-21,2023-02-14
DCE,I2303,2022-03-15,2023-03-14
DCE,I2304,2022-04-19,2023-04-17
DCE,I2305,2022-05-19,2023-05-17
DCE,I2306,2022-06-16,2023-06-14
DCE,I2307,2022-07-15,2023-07-14
DCE,I2308,2022-08-15,2023-08-14
DCE,I2309,2022-09-16,2023-09-14
DCE,I2310,2022-10-24,2023-10-20
DCE,I2311,2022-11-15,2023-11-14
DCE,I2312,2022-12-15,2023-12-14
DCE,I2401,2023-01-17,2024-01-15
DCE,I2402,2023-02-15,2024-02-22
DCE,I2403,2023-03-15,2024-03-14
DCE,I2404,2023-04-18,2024-04-11
DCE,I2405,2023-05-18,2024-05-17
DCE,I2406,2023-06-15,2024-06-17
DCE,I2407,2023-07-17,2024-07-12
DCE,I2408,2023-08-15,2024-08-14
DCE,I2409,2023-09-15,2024-09-13
DCE,I2410,2023-10-23,2024-10-21
DCE,I2411,2023-11-15,2024-11-14
DCE,I2412,2023-12-15,2024-12-13
DCE,I2501,2024-01-16,2025-01-15
DCE,I2502,2024-02-23,2025-02-17
DCE,I2503,2024-03-15,2025-03-14
DCE,I2504,2024-04-17,2025-04-15
DCE,I2505,2024-05-20,2025-05-19
DCE,I2506,2024-06-18,2025-06-16
DCE,I2507,2024-07-15,2025-07-14
DCE,I2508,2024-08-15,2025-08-14
DCE,I2509,2024-09-18,2025-09-12
DCE,I2510,2024-10-22,2025-10-22
DCE,I2511,2024-11-15,2025-11-14
DCE,I2512,2024-12-16,2025-12-10
DCE,I2601,2025-01-16,2026-01-16
DCE,I2602,2025-02-19,2026-02-06
DCE,I2603,2025-03-17,2026-03-13
DCE,I2604,2025-04-16,2026-04-13
DCE,I2605,2025-05-20,2026-05-19
DCE,I2606,2025-06-17,2026-06-05
DCE,JD1601,2016-01-04,2016-01-15
DCE,JD1602,2016-01-04,2016-02-19
DCE,JD1603,2016-01-04,2016-03-14
DCE,JD1604,2016-01-04,2016-04-15
DCE,JD1605,2016-01-04,2016-05-16
DCE,JD1606,2016-01-04,2016-06-16
DCE,JD1609,2016-01-04,2016-09-14
DCE,JD1610,2016-01-04,2016-10-21
DCE,JD1611,2016-01-04,2016-11-14
DCE,JD1612,2016-01-04,2016-12-14
DCE,JD1701,2016-01-18,2017-01-16
DCE,JD1702,2016-02-22,2017-02-16
DCE,JD1703,2016-03-15,2017-03-28
DCE,JD1704,2016-04-18,2017-04-25
DCE,JD1705,2016-05-17,2017-05-24
DCE,JD1706,2016-06-17,2017-06-27
DCE,JD1707,2016-07-15,2017-07-26
DCE,JD1708,2016-08-15,2017-08-28
DCE,JD1709,2016-09-19,2017-09-26
DCE,JD1710,2016-10-24,2017-10-26
DCE,JD1711,2016-11-15,2017-11-27
DCE,JD1712,2016-12-15,2017-12-26
DCE,JD1801,2017-01-17,2018-01-26
DCE,JD1802,2017-02-17,2018-02-23
DCE,JD1803,2017-03-15,2018-03-27
DCE,JD1804,2017-04-26,2018-04-24
DCE,JD1805,2017-05-25,2018-05-28
DCE,JD1806,2017-06-28,2018-06-26
DCE,JD1807,2017-07-27,2018-07-26
DCE,JD1808,2017-08-29,2018-08-28
DCE,JD1809,2017-09-27,2018-09-25
DCE,JD1810,2017-10-27,2018-10-26
DCE,JD1811,2017-11-28,2018-11-27
DCE,JD1812,2017-12-27,2018-12-25
DCE,JD1901,2018-01-29,2019-01-28
DCE,JD1902,2018-02-26,2019-02-25
DCE,JD1903,2018-03-28,2019-03-26
DCE,JD1904,2018-04-25,2019-04-25
DCE,JD1905,2018-05-29,2019-05-28
DCE,JD1906,2018-06-27,2019-06-25
DCE,JD1907,2018-07-27,2019-07-26
DCE,JD1908,2018-08-29,2019-08-27
DCE,JD1909,2018-09-26,2019-09-25
DCE,JD1910,2018-10-29,2019-10-28
DCE,JD1911,2018-11-28,2019-11-26
DCE,JD1912,2018-12-26,2019-12-26
DCE,JD2001,2019-01-29,2020-01-21
DCE,JD2002,2019-02-26,2020-02-25
DCE,JD2003,2019-03-27,2020-03-26
DCE,JD2004,2019-04-26,2020-04-27
DCE,JD2005,2019-05-29,2020-05-26
DCE,JD2006,2019-06-26,2020-06-23
DCE,JD2007,2019-07-29,2020-07-28
DCE,JD2008,2019-08-28,2020-08-26
DCE,JD2009,2019-09-26,2020-09-25
DCE,JD2010,2019-10-29,2020-10-27
DCE,JD2011,2019-11-27,2020-11-25
DCE,JD2012,2019-12-27,2020-12-28
DCE,JD2101,2020-01-22,2021-01-26
DCE,JD2102,2020-02-26,2021-02-23
DCE,JD2103,2020-03-27,2021-03-26
DCE,JD2104,2020-04-28,2021-04-27
DCE,JD2105,2020-05-27,2021-05-26
DCE,JD2106,2020-06-24,2021-06-25
DCE,JD2107,2020-07-29,2021-07-27
DCE,JD2108,2020-08-27,2021-08-26
DCE,JD2109,2020-09-28,2021-09-27
DCE,JD2110,2020-10-28,2021-10-26
DCE,JD2111,2020-11-26,2021-11-25
DCE,JD2112,2020-12-29,2021-12-28
DCE,JD2201,2021-01-27,2022-01-25
DCE,JD2202,2021-02-24,2022-02-23
DCE,JD2203,2021-03-29,2022-03-28
DCE,JD2204,2021-04-28,2022-04-26
DCE,JD2205,2021-05-27,2022-05-26
DCE,JD2206,2021-06-28,2022-06-27
DCE,JD2207,2021-07-28,2022-07-26
DCE,JD2208,2021-08-27,2022-08-26
DCE,JD2209,2021-09-28,2022-09-27
DCE,JD2210,2021-10-27,2022-10-26
DCE,JD2211,2021-11-26,2022-11-25
DCE,JD2212,2021-12-29,2022-12-27
DCE,JD2301,2022-01-26,2023-01-19
DCE,JD2302,2022-02-24,2023-02-23
DCE,JD2303,2022-03-29,2023-03-28
DCE,JD2304,2022-04-27,2023-04-25
DCE,JD2305,2022-05-27,2023-05-26
DCE,JD2306,2022-06-28,2023-06-27
DCE,JD2307,2022-07-27,2023-07-26
DCE,JD2308,2022-08-29,2023-08-28
DCE,JD2309,2022-09-28,2023-09-25
DCE,JD2310,2022-10-27,2023-10-26
DCE,JD2311,2022-11-28,2023-11-27
DCE,JD2312,2022-12-28,2023-12-26
DCE,JD2401,2023-01-20,2024-01-26
DCE,JD2402,2023-02-24,2024-02-26
DCE,JD2403,2023-03-29,2024-03-26
DCE,JD2404,2023-04-26,2024-04-25
DCE,JD2405,2023-05-29,2024-05-28
DCE,JD2406,2023-06-28,2024-06-25
DCE,JD2407,2023-07-27,2024-07-26
DCE,JD2408,2023-08-29,2024-08-27
DCE,JD2409,2023-09-26,2024-09-25
DCE,JD2410,2023-10-27,2024-10-28
DCE,JD2411,2023-11-28,2024-11-26
DCE,JD2412,2023-12-27,2024-12-26
DCE,JD2501,2024-01-29,2025-01-22
DCE,JD2502,2024-02-27,2025-02-25
DCE,JD2503,2024-03-27,2025-03-26
DCE,JD2504,2024-04-26,2025-04-25
DCE,JD2505,2024-05-29,2025-05-27
DCE,JD2506,2024-06-26,2025-06-25
DCE,JD2507,2024-07-29,2025-07-28
DCE,JD2508,2024-08-28,2025-08-26
DCE,JD2509,2024-09-26,2025-09-25
DCE,JD2510,2024-10-29,2025-10-28
DCE,JD2511,2024-11-27,2025-11-25
DCE,JD2512,2024-12-27,2025-12-26
DCE,JD2601,2025-01-23,2026-01-27
DCE,JD2602,2025-02-26,2026-02-24
DCE,JD2603,2025-03-27,2026-03-26
DCE,JD2604,2025-04-28,2026-04-27
DCE,JD2605,2025-05-28,2026-05-26
DCE,JD2606,2025-06-26,2026-06-25
DCE,L1601,2016-01-04,2016-01-15
DCE,L1602,2016-01-04,2016-02-19
DCE,L1603,2016-01-04,2016-03-14
DCE,L1604,2016-01-04,2016-04-15
DCE,L1605,2016-01-04,2016-05-16
DCE,L1606,2016-01-04,2016-06-16
DCE,L1607,2016-01-04,2016-07-14
DCE,L1608,2016-01-04,2016-08-12
DCE,L1609,2016-01-04,2016-09-14
DCE,L1610,2016-01-04,2016-10-21
DCE,L1611,2016-01-04,2016-11-14
DCE,L1612,2016-01-04,2016-12-14
DCE,L1701,2016-01-18,2017-01-16
DCE,L1702,2016-02-22,2017-02-16
DCE,L1703,2016-03-15,2017-03-14
DCE,L1704,2016-04-18,2017-04-18
DCE,L1705,2016-05-17,2017-05-15
DCE,L1706,2016-06-17,2017-06-14
DCE,L1707,2016-07-15,2017-07-14
DCE,L1708,2016-08-15,2017-08-14
DCE,L1709,2016-09-19,2017-09-14
DCE,L1710,2016-10-24,2017-10-20
DCE,L1711,2016-11-15,2017-11-14
DCE,L1712,2016-12-15,2017-12-14
DCE,L1801,2017-01-17,2018-01-15
DCE,L1802,2017-02-17,2018-02-14
DCE,L1803,2017-03-15,2018-03-14
DCE,L1804,2017-04-19,2018-04-17
DCE,L1805,2017-05-16,2018-05-15
DCE,L1806,2017-06-15,2018-06-14
DCE,L1807,2017-07-17,2018-07-13
DCE,L1808,2017-08-15,2018-08-14
DCE,L1809,2017-09-15,2018-09-14
DCE,L1810,2017-10-23,2018-10-19
DCE,L1811,2017-11-15,2018-11-14
DCE,L1812,2017-12-15,2018-12-14
DCE,L1901,2018-01-16,2019-01-15
DCE,L1902,2018-02-22,2019-02-21
DCE,L1903,2018-03-15,2019-03-14
DCE,L1904,2018-04-18,2019-04-15
DCE,L1905,2018-05-16,2019-05-17
DCE,L1906,2018-06-15,2019-06-17
DCE,L1907,2018-07-16,2019-07-12
DCE,L1908,2018-08-15,2019-08-14
DCE,L1909,2018-09-17,2019-09-16
DCE,L1910,2018-10-22,2019-10-21
DCE,L1911,2018-11-15,2019-11-14
DCE,L1912,2018-12-17,2019-12-13
DCE,L2001,2019-01-16,2020-01-15
DCE,L2002,2019-02-22,2020-02-14
DCE,L2003,2019-03-15,2020-03-13
DCE,L2004,2019-04-16,2020-04-15
DCE,L2005,2019-05-20,2020-05-19
DCE,L2006,2019-06-18,2020-06-12
DCE,L2007,2019-07-15,2020-07-14
DCE,L2008,2019-08-15,2020-08-14
DCE,L2009,2019-09-17,2020-09-14
DCE,L2010,2019-10-22,2020-10-22
DCE,L2011,2019-11-15,2020-11-13
DCE,L2012,2019-12-16,2020-12-14
DCE,L2101,2020-01-16,2021-01-15
DCE,L2102,2020-02-17,2021-02-19
DCE,L2103,2020-03-16,2021-03-12
DCE,L2104,2020-04-16,2021-04-15
DCE,L2105,2020-05-20,2021-05-19
DCE,L2106,2020-06-15,2021-06-15
DCE,L2107,2020-07-15,2021-07-14
DCE,L2108,2020-08-17,2021-08-13
DCE,L2109,2020-09-15,2021-09-14
DCE,L2110,2020-10-23,2021-10-21
DCE,L2111,2020-11-16,2021-11-12
DCE,L2112,2020-12-15,2021-12-14
DCE,L2201,2021-01-18,2022-01-17
DCE,L2202,2021-02-22,2022-02-18
DCE,L2203,2021-03-15,2022-03-14
DCE,L2204,2021-04-16,2022-04-18
DCE,L2205,2021-05-20,2022-05-18
DCE,L2206,2021-06-16,2022-06-15
DCE,L2207,2021-07-15,2022-07-14
DCE,L2208,2021-08-16,2022-08-12
DCE,L2209,2021-09-15,2022-09-15
DCE,L2210,2021-10-22,2022-10-21
DCE,L2211,2021-11-15,2022-11-14
DCE,L2212,2021-12-15,2022-12-14
DCE,L2301,2022-01-18,2023-01-16
DCE,L2302,2022-02-21,2023-02-14
DCE,L2303,2022-03-15,2023-03-14
DCE,L2304,2022-04-19,2023-04-17
DCE,L2305,2022-05-19,2023-05-17
DCE,L2306,2022-06-16,2023-06-14
DCE,L2307,2022-07-15,2023-07-14
DCE,L2308,2022-08-15,2023-08-14
DCE,L2309,2022-09-16,2023-09-14
DCE,L2310,2022-10-24,2023-10-20
DCE,L2311,2022-11-15,2023-11-14
DCE,L2312,2022-12-15,2023-12-14
DCE,L2401,2023-01-17,2024-01-15
DCE,L2402,2023-02-15,2024-02-22
DCE,L2403,2023-03-15,2024-03-14
DCE,L2404,2023-04-18,2024-04-16
DCE,L2405,2023-05-18,2024-05-17
DCE,L2406,2023-06-15,2024-06-17
DCE,L2407,2023-07-17,2024-07-12
DCE,L2408,2023-08-15,2024-08-14
DCE,L2409,2023-09-15,2024-09-13
DCE,L2410,2023-10-23,2024-10-21
DCE,L2411,2023-11-15,2024-11-14
DCE,L2412,2023-12-15,2024-12-13
DCE,L2501,2024-01-16,2025-01-15
DCE,L2502,2024-02-23,2025-02-18
DCE,L2503,2024-03-15,2025-03-14
DCE,L2504,2024-04-17,2025-04-15
DCE,L2505,2024-05-20,2025-05-19
DCE,L2506,2024-06-18,2025-06-16
DCE,L2507,2024-07-15,2025-07-14
DCE,L2508,2024-08-15,2025-08-14
DCE,L2509,2024-09-18,2025-09-12
DCE,L2510,2024-10-22,2025-10-22
DCE,L2511,2024-11-15,2025-11-14
DCE,L2512,2024-12-16,2025-12-12
DCE,L2601,2025-01-16,2026-01-16
DCE,L2602,2025-02-19,2026-02-13
DCE,L2603,2025-03-17,2026-03-13
DCE,L2604,2025-04-16,2026-04-15
DCE,L2605,2025-05-20,2026-05-19
DCE,L2606,2025-06-17,2026-06-12
DCE,M1601,2016-01-04,2016-01-15
DCE,M1603,2016-01-04,2016-03-14
DCE,M1605,2016-01-04,2016-05-16
DCE,M1607,2016-01-04,2016-07-14
DCE,M1608,2016-01-04,2016-08-12
DCE,M1609,2016-01-04,2016-09-14
DCE,M1611,2016-01-04,2016-11-14
DCE,M1612,2016-01-04,2016-12-14
DCE,M1701,2016-01-18,2017-01-16
DCE,M1703,2016-03-15,2017-03-14
DCE,M1705,2016-05-17,2017-05-15
DCE,M1707,2016-07-15,2017-07-14
DCE,M1708,2016-08-15,2017-08-14
DCE,M1709,2016-09-19,2017-09-14
DCE,M1711,2016-11-15,2017-11-14
DCE,M1712,2016-12-15,2017-12-14
DCE,M1801,2017-01-17,2018-01-15
DCE,M1803,2017-03-15,2018-03-14
DCE,M1805,2017-05-16,2018-05-15
DCE,M1807,2017-07-17,2018-07-13
DCE,M1808,2017-08-15,2018-08-14
DCE,M1809,2017-09-15,2018-09-14
DCE,M1811,2017-11-15,2018-11-14
DCE,M1812,2017-12-15,2018-12-14
DCE,M1901,2018-01-16,2019-01-15
DCE,M1903,2018-03-15,2019-03-14
DCE,M1905,2018-05-16,2019-05-17
DCE,M1907,2018-07-16,2019-07-12
DCE,M1908,2018-08-15,2019-08-14
DCE,M1909,2018-09-17,2019-09-16
DCE,M1911,2018-11-15,2019-11-14
DCE,M1912,2018-12-17,2019-12-13
DCE,M2001,2019-01-16,2020-01-15
DCE,M2003,2019-03-15,2020-03-13
DCE,M2005,2019-05-20,2020-05-19
DCE,M2007,2019-07-15,2020-07-14
DCE,M2008,2019-08-15,2020-08-14
DCE,M2009,2019-09-17,2020-09-14
DCE,M2011,2019-11-15,2020-11-13
DCE,M2012,2019-12-16,2020-12-14
DCE,M2101,2020-01-16,2021-01-15
DCE,M2103,2020-03-16,2021-03-12
DCE,M2105,2020-05-20,2021-05-19
DCE,M2107,2020-07-15,2021-07-14
DCE,M2108,2020-08-17,2021-08-13
DCE,M2109,2020-09-15,2021-09-14
DCE,M2111,2020-11-16,2021-11-12
DCE,M2112,2020-12-15,2021-12-14
DCE,M2201,2021-01-18,2022-01-17
DCE,M2203,2021-03-15,2022-03-14
DCE,M2205,2021-05-20,2022-05-18
DCE,M2207,2021-07-15,2022-07-14
DCE,M2208,2021-08-16,2022-08-12
DCE,M2209,2021-09-15,2022-09-15
DCE,M2211,2021-11-15,2022-11-14
DCE,M2212,2021-12-15,2022-12-14
DCE,M2301,2022-01-18,2023-01-16
DCE,M2303,2022-03-15,2023-03-14
DCE,M2305,2022-05-19,2023-05-17
DCE,M2307,2022-07-15,2023-07-14
DCE,M2308,2022-08-15,2023-08-14
DCE,M2309,2022-09-16,2023-09-14
DCE,M2311,2022-11-15,2023-11-14
DCE,M2312,2022-12-15,2023-12-14
DCE,M2401,2023-01-17,2024-01-15
DCE,M2403,2023-03-15,2024-03-14
DCE,M2405,2023-05-18,2024-05-17
DCE,M2407,2023-07-17,2024-07-12
DCE,M2408,2023-08-15,2024-08-14
DCE,M2409,2023-09-15,2024-09-13
DCE,M2411,2023-11-15,2024-11-14
DCE,M2412,2023-12-15,2024-12-13
DCE,M2501,2024-01-16,2025-01-15
DCE,M2503,2024-03-15,2025-03-14
DCE,M2505,2024-05-20,2025-05-19
DCE,M2507,2024-07-15,2025-07-14
DCE,M2508,2024-08-15,2025-08-14
DCE,M2509,2024-09-18,2025-09-12
DCE,M2511,2024-11-15,2025-11-14
DCE,M2512,2024-12-16,2025-12-12
DCE,M2601,2025-01-16,2026-01-16
DCE,M2603,2025-03-17,2026-03-13
DCE,M2605,2025-05-20,2026-05-19
DCE,P1601,2016-01-04,2016-01-15
DCE,P1602,2016-01-04,2016-02-19
DCE,P1603,2016-01-04,2016-03-14
DCE,P1604,2016-01-04,2016-04-15
DCE,P1605,2016-01-04,2016-05-16
DCE,P1606,2016-01-04,2016-06-16
DCE,P1607,2016-01-04,2016-07-14
DCE,P1608,2016-01-04,2016-08-12
DCE,P1609,2016-01-04,2016-09-14
DCE,P1610,2016-01-04,2016-10-21
DCE,P1611,2016-01-04,2016-11-14
DCE,P1612,2016-01-04,2016-12-14
DCE,P1701,2016-01-18,2017-01-16
DCE,P1702,2016-02-22,2017-02-16
DCE,P1703,2016-03-15,2017-03-14
DCE,P1704,2016-04-18,2017-04-18
DCE,P1705,2016-05-17,2017-05-15
DCE,P1706,2016-06-17,2017-06-14
DCE,P1707,2016-07-15,2017-07-14
DCE,P1708,2016-08-15,2017-08-14
DCE,P1709,2016-09-19,2017-09-14
DCE,P1710,2016-10-24,2017-10-20
DCE,P1711,2016-11-15,2017-11-14
DCE,P1712,2016-12-15,2017-12-14
DCE,P1801,2017-01-17,2018-01-15
DCE,P1802,2017-02-17,2018-02-14
DCE,P1803,2017-03-15,2018-03-14
DCE,P1804,2017-04-19,2018-04-17
DCE,P1805,2017-05-16,2018-05-15
DCE,P1806,2017-06-15,2018-06-14
DCE,P1807,2017-07-17,2018-07-13
DCE,P1808,2017-08-15,2018-08-14
DCE,P1809,2017-09-15,2018-09-14
DCE,P1810,2017-10-23,2018-10-19
DCE,P1811,2017-11-15,2018-11-14
DCE,P1812,2017-12-15,2018-12-14
DCE,P1901,2018-01-16,2019-01-15
DCE,P1902,2018-02-22,2019-02-21
DCE,P1903,2018-03-15,2019-03-14
DCE,P1904,2018-04-18,2019-04-15
DCE,P1905,2018-05-16,2019-05-17
DCE,P1906,2018-06-15,2019-06-17
DCE,P1907,2018-07-16,2019-07-12
DCE,P1908,2018-08-15,2019-08-14
DCE,P1909,2018-09-17,2019-09-16
DCE,P1910,2018-10-22,2019-10-21
DCE,P1911,2018-11-15,2019-11-14
DCE,P1912,2018-12-17,2019-12-13
DCE,P2001,2019-01-16,2020-01-15
DCE,P2002,2019-02-22,2020-02-14
DCE,P2003,2019-03-15,2020-03-13
DCE,P2004,2019-04-16,2020-04-15
DCE,P2005,2019-05-20,2020-05-19
DCE,P2006,2019-06-18,2020-06-12
DCE,P2007,2019-07-15,2020-07-14
DCE,P2008,2019-08-15,2020-08-14
DCE,P2009,2019-09-17,2020-09-14
DCE,P2010,2019-10-22,2020-10-22
DCE,P2011,2019-11-15,2020-11-13
DCE,P2012,2019-12-16,2020-12-14
DCE,P2101,2020-01-16,2021-01-15
DCE,P2102,2020-02-17,2021-02-19
DCE,P2103,2020-03-16,2021-03-12
DCE,P2104,2020-04-16,2021-04-15
DCE,P2105,2020-05-20,2021-05-19
DCE,P2106,2020-06-15,2021-06-15
DCE,P2107,2020-07-15,2021-07-14
DCE,P2108,2020-08-17,2021-08-13
DCE,P2109,2020-09-15,2021-09-14
DCE,P2110,2020-10-23,2021-10-21
DCE,P2111,2020-11-16,2021-11-12
DCE,P2112,2020-12-15,2021-12-14
DCE,P2201,2021-01-18,2022-01-17
DCE,P2202,2021-02-22,2022-02-18
DCE,P2203,2021-03-15,2022-03-14
DCE,P2204,2021-04-16,2022-04-18
DCE,P2205,2021-05-20,2022-05-18
DCE,P2206,2021-06-16,2022-06-15
DCE,P2207,2021-07-15,2022-07-14
DCE,P2208,2021-08-16,2022-08-12
DCE,P2209,2021-09-15,2022-09-15
DCE,P2210,2021-10-22,2022-10-21
DCE,P2211,2021-11-15,2022-11-14
DCE,P2212,2021-12-15,2022-12-14
DCE,P2301,2022-01-18,2023-01-16
DCE,P2302,2022-02-21,2023-02-14
DCE,P2303,2022-03-15,2023-03-14
DCE,P2304,2022-04-19,2023-04-17
DCE,P2305,2022-05-19,2023-05-17
DCE,P2306,2022-06-16,2023-06-14
DCE,P2307,2022-07-15,2023-07-14
DCE,P2308,2022-08-15,2023-08-14
DCE,P2309,2022-09-16,2023-09-14
DCE,P2310,2022-10-24,2023-10-20
DCE,P2311,2022-11-15,2023-11-14
DCE,P2312,2022-12-15,2023-12-14
DCE,P2401,2023-01-17,2024-01-15
DCE,P2402,2023-02-15,2024-02-22
DCE,P2403,2023-03-15,2024-03-14
DCE,P2404,2023-04-18,2024-04-16
DCE,P2405,2023-05-18,2024-05-17
DCE,P2406,2023-06-15,2024-06-17
DCE,P2407,2023-07-17,2024-07-02
DCE,P2408,2023-08-15,2024-08-14
DCE,P2409,2023-09-15,2024-09-13
DCE,P2410,2023-10-23,2024-10-21
DCE,P2411,2023-11-15,2024-11-14
DCE,P2412,2023-12-15,2024-12-13
DCE,P2501,2024-01-16,2025-01-15
DCE,P2502,2024-02-23,2025-02-18
DCE,P2503,2024-03-15,2025-03-14
DCE,P2504,2024-04-17,2025-04-15
DCE,P2505,2024-05-20,2025-05-19
DCE,P2506,2024-06-18,2025-06-16
DCE,P2507,2024-07-15,2025-07-14
DCE,P2508,2024-08-15,2025-08-14
DCE,P2509,2024-09-18,2025-09-12
DCE,P2510,2024-10-22,2025-10-22
DCE,P2511,2024-11-15,2025-11-14
DCE,P2512,2024-12-16,2025-12-12
DCE,P2601,2025-01-16,2026-01-16
DCE,P2602,2025-02-19,2026-02-06
DCE,P2603,2025-03-17,2026-03-13
DCE,P2604,2025-04-16,2026-04-15
DCE,P2605,2025-05-20,2026-05-19
DCE,P2606,2025-06-17,2026-06-12
DCE,PP1601,2016-01-04,2016-01-15
DCE,PP1602,2016-01-04,2016-02-19
DCE,PP1603,2016-01-04,2016-03-14
DCE,PP1604,2016-01-04,2016-04-15
DCE,PP1605,2016-01-04,2016-05-16
DCE,PP1606,2016-01-04,2016-06-16
DCE,PP1607,2016-01-04,2016-07-14
DCE,PP1608,2016-01-04,2016-08-12
DCE,PP1609,2016-01-04,2016-09-14
DCE,PP1610,2016-01-04,2016-10-21
DCE,PP1611,2016-01-04,2016-11-14
DCE,PP1612,2016-01-04,2016-12-14
DCE,PP1701,2016-01-18,2017-01-16
DCE,PP1702,2016-02-22,2017-02-16
DCE,PP1703,2016-03-15,2017-03-14
DCE,PP1704,2016-04-18,2017-04-18
DCE,PP1705,2016-05-17,2017-05-15
DCE,PP1706,2016-06-17,2017-06-14
DCE,PP1707,2016-07-15,2017-07-14
DCE,PP1708,2016-08-15,2017-08-14
DCE,PP1709,2016-09-19,2017-09-14
DCE,PP1710,2016-10-24,2017-10-20
DCE,PP1711,2016-11-15,2017-11-14
DCE,PP1712,2016-12-15,2017-12-14
DCE,PP1801,2017-01-17,2018-01-15
DCE,PP1802,2017-02-17,2018-02-14
DCE,PP1803,2017-03-15,2018-03-14
DCE,PP1804,2017-04-19,2018-04-17
DCE,PP1805,2017-05-16,2018-05-15
DCE,PP1806,2017-06-15,2018-06-14
DCE,PP1807,2017-07-17,2018-07-13
DCE,PP1808,2017-08-15,2018-08-14
DCE,PP1809,2017-09-15,2018-09-14
DCE,PP1810,2017-10-23,2018-10-19
DCE,PP1811,2017-11-15,2018-11-14
DCE,PP1812,2017-12-15,2018-12-14
DCE,PP1901,2018-01-16,2019-01-15
DCE,PP1902,2018-02-22,2019-02-21
DCE,PP1903,2018-03-15,2019-03-14
DCE,PP1904,2018-04-18,2019-04-15
DCE,PP1905,2018-05-16,2019-05-17
DCE,PP1906,2018-06-15,2019-06-17
DCE,PP1907,2018-07-16,2019-07-12
DCE,PP1908,2018-08-15,2019-08-14
DCE,PP1909,2018-09-17,2019-09-16
DCE,PP1910,2018-10-22,2019-10-21
DCE,PP1911,2018-11-15,2019-11-14
DCE,PP1912,2018-12-17,2019-12-13
DCE,PP2001,2019-01-16,2020-01-15
DCE,PP2002,2019-02-22,2020-02-14
DCE,PP2003,2019-03-15,2020-03-13
DCE,PP2004,2019-04-16,2020-04-15
DCE,PP2005,2019-05-20,2020-05-19
DCE,PP2006,2019-06-18,2020-06-12
DCE,PP2007,2019-07-15,2020-07-14
DCE,PP2008,2019-08-15,2020-08-14
DCE,PP2009,2019-09-17,2020-09-14
DCE,PP2010,2019-10-22,2020-10-22
DCE,PP2011,2019-11-15,2020-11-13
DCE,PP2012,2019-12-16,2020-12-14
DCE,PP2101,2020-01-16,2021-01-15
DCE,PP2102,2020-02-17,2021-02-19
DCE,PP2103,2020-03-16,2021-03-12
DCE,PP2104,2020-04-16,2021-04-15
DCE,PP2105,2020-05-20,2021-05-19
DCE,PP2106,2020-06-15,2021-06-15
DCE,PP2107,2020-07-15,2021-07-14
DCE,PP2108,2020-08-17,2021-08-13
DCE,PP2109,2020-09-15,2021-09-14
DCE,PP2110,2020-10-23,2021-10-21
DCE,PP2111,2020-11-16,2021-11-12
DCE,PP2112,2020-12-15,2021-12-14
DCE,PP2201,2021-01-18,2022-01-17
DCE,PP2202,2021-02-22,2022-02-18
DCE,PP2203,2021-03-15,2022-03-14
DCE,PP2204,2021-04-16,2022-04-18
DCE,PP2205,2021-05-20,2022-05-18
DCE,PP2206,2021-06-16,2022-06-15
DCE,PP2207,2021-07-15,2022-07-14
DCE,PP2208,2021-08-16,2022-08-12
DCE,PP2209,2021-09-15,2022-09-15
DCE,PP2210,2021-10-22,2022-10-21
DCE,PP2211,2021-11-15,2022-11-14
DCE,PP2212,2021-12-15,2022-12-14
DCE,PP2301,2022-01-18,2023-01-16
DCE,PP2302,2022-02-21,2023-02-14
DCE,PP2303,2022-03-15,2023-03-14
DCE,PP2304,2022-04-19,2023-04-17
DCE,PP2305,2022-05-19,2023-05-17
DCE,PP2306,2022-06-16,2023-06-14
DCE,PP2307,2022-07-15,2023-07-14
DCE,PP2308,2022-08-15,2023-08-14
DCE,PP2309,2022-09-16,2023-09-14
DCE,PP2310,2022-10-24,2023-10-20
DCE,PP2311,2022-11-15,2023-11-14
DCE,PP2312,2022-12-15,2023-12-14
DCE,PP2401,2023-01-17,2024-01-15
DCE,PP2402,2023-02-15,2024-02-22
DCE,PP2403,2023-03-15,2024-03-14
DCE,PP2404,2023-04-18,2024-04-16
DCE,PP2405,2023-05-18,2024-05-17
DCE,PP2406,2023-06-15,2024-06-17
DCE,PP2407,2023-07-17,2024-07-12
DCE,PP2408,2023-08-15,2024-08-14
DCE,PP2409,2023-09-15,2024-09-13
DCE,PP2410,2023-10-23,2024-10-21
DCE,PP2411,2023-11-15,2024-11-14
DCE,PP2412,2023-12-15,2024-12-13
DCE,PP2501,2024-01-16,2025-01-15
DCE,PP2502,2024-02-23,2025-02-18
DCE,PP2503,2024-03-15,2025-03-14
DCE,PP2504,2024-04-17,2025-04-15
DCE,PP2505,2024-05-20,2025-05-19
DCE,PP2506,2024-06-18,2025-06-16
DCE,PP2507,2024-07-15,2025-07-14
DCE,PP2508,2024-08-15,2025-08-14
DCE,PP2509,2024-09-18,2025-09-12
DCE,PP2510,2024-10-22,2025-10-22
DCE,PP2511,2024-11-15,2025-11-14
DCE,PP2512,2024-12-16,2025-12-12
DCE,PP2601,2025-01-16,2026-01-16
DCE,PP2602,2025-02-19,2026-02-13
DCE,PP2603,2025-03-17,2026-03-13
DCE,PP2604,2025-04-16,2026-04-15
DCE,PP2605,2025-05-20,2026-05-19
DCE,PP2606,2025-06-17,2026-06-12
DCE,V1601,2016-01-04,2016-01-15
DCE,V1602,2016-01-04,2016-02-19
DCE,V1603,2016-01-04,2016-03-14
DCE,V1604,2016-01-04,2016-04-15
DCE,V1605,2016-01-04,2016-05-16
DCE,V1606,2016-01-04,2016-06-16
DCE,V1607,2016-01-04,2016-07-14
DCE,V1608,2016-01-04,2016-08-12
DCE,V1609,2016-01-04,2016-09-14
DCE,V1610,2016-01-04,2016-10-21
DCE,V1611,2016-01-04,2016-11-14
DCE,V1612,2016-01-04,2016-12-14
DCE,V1701,2016-01-18,2017-01-16
DCE,V1702,2016-02-22,2017-02-16
DCE,V1703,2016-03-15,2017-03-14
DCE,V1704,2016-04-18,2017-04-18
DCE,V1705,2016-05-17,2017-05-15
DCE,V1706,2016-06-17,2017-06-14
DCE,V1707,2016-07-15,2017-07-14
DCE,V1708,2016-08-15,2017-08-14
DCE,V1709,2016-09-19,2017-09-14
DCE,V1710,2016-10-24,2017-10-20
DCE,V1711,2016-11-15,2017-11-14
DCE,V1712,2016-12-15,2017-12-14
DCE,V1801,2017-01-17,2018-01-15
DCE,V1802,2017-02-17,2018-02-14
DCE,V1803,2017-03-15,2018-03-14
DCE,V1804,2017-04-19,2018-04-17
DCE,V1805,2017-05-16,2018-05-15
DCE,V1806,2017-06-15,2018-06-14
DCE,V1807,2017-07-17,2018-07-13
DCE,V1808,2017-08-15,2018-08-14
DCE,V1809,2017-09-15,2018-09-14
DCE,V1810,2017-10-23,2018-10-19
DCE,V1811,2017-11-15,2018-11-14
DCE,V1812,2017-12-15,2018-12-14
DCE,V1901,2018-01-16,2019-01-15
DCE,V1902,2018-02-22,2019-02-21
DCE,V1903,2018-03-15,2019-03-14
DCE,V1904,2018-04-18,2019-04-15
DCE,V1905,2018-05-16,2019-05-17
DCE,V1906,2018-06-15,2019-06-17
DCE,V1907,2018-07-16,2019-07-12
DCE,V1908,2018-08-15,2019-08-14
DCE,V1909,2018-09-17,2019-09-16
DCE,V1910,2018-10-22,2019-10-21
DCE,V1911,2018-11-15,2019-11-14
DCE,V1912,2018-12-17,2019-12-13
DCE,V2001,2019-01-16,2020-01-15
DCE,V2002,2019-02-22,2020-02-14
DCE,V2003,2019-03-15,2020-03-13
DCE,V2004,2019-04-16,2020-04-15
DCE,V2005,2019-05-20,2020-05-19
DCE,V2006,2019-06-18,2020-06-12
DCE,V2007,2019-07-15,2020-07-14
DCE,V2008,2019-08-15,2020-08-14
DCE,V2009,2019-09-17,2020-09-14
DCE,V2010,2019-10-22,2020-10-22
DCE,V2011,2019-11-15,2020-11-13
DCE,V2012,2019-12-16,2020-12-14
DCE,V2101,2020-01-16,2021-01-15
DCE,V2102,2020-02-17,2021-02-19
DCE,V2103,2020-03-16,2021-03-12
DCE,V2104,2020-04-16,2021-04-15
DCE,V2105,2020-05-20,2021-05-19
DCE,V2106,2020-06-15,2021-06-15
DCE,V2107,2020-07-15,2021-07-14
DCE,V2108,2020-08-17,2021-08-13
DCE,V2109,2020-09-15,2021-09-14
DCE,V2110,2020-10-23,2021-10-21
DCE,V2111,2020-11-16,2021-11-12
DCE,V2112,2020-12-15,2021-12-14
DCE,V2201,2021-01-18,2022-01-17
DCE,V2202,2021-02-22,2022-02-18
DCE,V2203,2021-03-15,2022-03-14
DCE,V2204,2021-04-16,2022-04-18
DCE,V2205,2021-05-20,2022-05-18
DCE,V2206,2021-06-16,2022-06-15
DCE,V2207,2021-07-15,2022-07-14
DCE,V2208,2021-08-16,2022-08-12
DCE,V2209,2021-09-15,2022-09-15
DCE,V2210,2021-10-22,2022-10-21
DCE,V2211,2021-11-15,2022-11-14
DCE,V2212,2021-12-15,2022-12-14
DCE,V2301,2022-01-18,2023-01-16
DCE,V2302,2022-02-21,2023-02-14
DCE,V2303,2022-03-15,2023-03-14
DCE,V2304,2022-04-19,2023-04-17
DCE,V2305,2022-05-19,2023-05-17
DCE,V2306,2022-06-16,2023-06-14
DCE,V2307,2022-07-15,2023-07-14
DCE,V2308,2022-08-15,2023-08-14
DCE,V2309,2022-09-16,2023-09-14
DCE,V2310,2022-10-24,2023-10-20
DCE,V2311,2022-11-15,2023-11-14
DCE,V2312,2022-12-15,2023-12-14
DCE,V2401,2023-01-17,2024-01-15
DCE,V2402,2023-02-15,2024-02-22
DCE,V2403,2023-03-15,2024-03-14
DCE,V2404,2023-04-18,2024-04-16
DCE,V2405,2023-05-18,2024-05-17
DCE,V2406,2023-06-15,2024-06-17
DCE,V2407,2023-07-17,2024-07-12
DCE,V2408,2023-08-15,2024-08-14
DCE,V2409,2023-09-15,2024-09-13
DCE,V2410,2023-10-23,2024-10-21
DCE,V2411,2023-11-15,2024-11-14
DCE,V2412,2023-12-15,2024-12-13
DCE,V2501,2024-01-16,2025-01-15
DCE,V2502,2024-02-23,2025-02-18
DCE,V2503,2024-03-15,2025-03-14
DCE,V2504,2024-04-17,2025-04-15
DCE,V2505,2024-05-20,2025-05-19
DCE,V2506,2024-06-18,2025-06-16
DCE,V2507,2024-07-15,2025-07-14
DCE,V2508,2024-08-15,2025-08-14
DCE,V2509,2024-09-18,2025-09-12
DCE,V2510,2024-10-22,2025-10-22
DCE,V2511,2024-11-15,2025-11-14
DCE,V2512,2024-12-16,2025-12-12
DCE,V2601,2025-01-16,2026-01-16
DCE,V2602,2025-02-19,2026-02-13
DCE,V2603,2025-03-17,2026-03-13
DCE,V2604,2025-04-16,2026-04-15
DCE,V2605,2025-05-20,2026-05-19
DCE,V2606,2025-06-17,2026-06-12
DCE,Y1601,2016-01-04,2016-01-15
DCE,Y1603,2016-01-04,2016-03-14
DCE,Y1605,2016-01-04,2016-05-16
DCE,Y1607,2016-01-04,2016-07-14
DCE,Y1608,2016-01-04,2016-08-12
DCE,Y1609,2016-01-04,2016-09-14
DCE,Y1611,2016-01-04,2016-11-14
DCE,Y1612,2016-01-04,2016-12-14
DCE,Y1701,2016-01-18,2017-01-16
DCE,Y1703,2016-03-15,2017-03-14
DCE,Y1705,2016-05-17,2017-05-15
DCE,Y1707,2016-07-15,2017-07-14
DCE,Y1708,2016-08-15,2017-08-14
DCE,Y1709,2016-09-19,2017-09-14
DCE,Y1711,2016-11-15,2017-11-14
DCE,Y1712,2016-12-15,2017-12-14
DCE,Y1801,2017-01-17,2018-01-15
DCE,Y1803,2017-03-15,2018-03-14
DCE,Y1805,2017-05-16,2018-05-15
DCE,Y1807,2017-07-17,2018-07-13
DCE,Y1808,2017-08-15,2018-08-14
DCE,Y1809,2017-09-15,2018-09-14
DCE,Y1811,2017-11-15,2018-11-14
DCE,Y1812,2017-12-15,2018-12-14
DCE,Y1901,2018-01-16,2019-01-15
DCE,Y1903,2018-03-15,2019-03-14
DCE,Y1905,2018-05-16,2019-05-17
DCE,Y1907,2018-07-16,2019-07-12
DCE,Y1908,2018-08-15,2019-08-14
DCE,Y1909,2018-09-17,2019-09-16
DCE,Y1911,2018-11-15,2019-11-14
DCE,Y1912,2018-12-17,2019-12-13
DCE,Y2001,2019-01-16,2020-01-15
DCE,Y2003,2019-03-15,2020-03-13
DCE,Y2005,2019-05-20,2020-05-19
DCE,Y2007,2019-07-15,2020-07-14
DCE,Y2008,2019-08-15,2020-08-14
DCE,Y2009,2019-09-17,2020-09-14
DCE,Y2011,2019-11-15,2020-11-13
DCE,Y2012,2019-12-16,2020-12-14
DCE,Y2101,2020-01-16,2021-01-15
DCE,Y2103,2020-03-16,2021-03-12
DCE,Y2105,2020-05-20,2021-05-19
DCE,Y2107,2020-07-15,2021-07-14
DCE,Y2108,2020-08-17,2021-08-13
DCE,Y2109,2020-09-15,2021-09-14
DCE,Y2111,2020-11-16,2021-11-12
DCE,Y2112,2020-12-15,2021-12-14
DCE,Y2201,2021-01-18,2022-01-17
DCE,Y2203,2021-03-15,2022-03-14
DCE,Y2205,2021-05-20,2022-05-18
DCE,Y2207,2021-07-15,2022-07-14
DCE,Y2208,2021-08-16,2022-08-12
DCE,Y2209,2021-09-15,2022-09-15
DCE,Y2211,2021-11-15,2022-11-14
DCE,Y2212,2021-12-15,2022-12-14
DCE,Y2301,2022-01-18,2023-01-16
DCE,Y2303,2022-03-15,2023-03-14
DCE,Y2305,2022-05-19,2023-05-17
DCE,Y2307,2022-07-15,2023-07-14
DCE,Y2308,2022-08-15,2023-08-14
DCE,Y2309,2022-09-16,2023-09-14
DCE,Y2311,2022-11-15,2023-11-14
DCE,Y2312,2022-12-15,2023-12-14
DCE,Y2401,2023-01-17,2024-01-15
DCE,Y2403,2023-03-15,2024-03-14
DCE,Y2405,2023-05-18,2024-05-17
DCE,Y2407,2023-07-17,2024-07-12
DCE,Y2408,2023-08-15,2024-08-14
DCE,Y2409,2023-09-15,2024-09-13
DCE,Y2411,2023-11-15,2024-11-14
DCE,Y2412,2023-12-15,2024-12-13
DCE,Y2501,2024-01-16,2025-01-15
DCE,Y2503,2024-03-15,2025-03-14
DCE,Y2505,2024-05-20,2025-05-19
DCE,Y2507,2024-07-15,2025-07-14
DCE,Y2508,2024-08-15,2025-08-13
DCE,Y2509,2024-09-18,2025-09-12
DCE,Y2511,2024-11-15,2025-11-13
DCE,Y2512,2024-12-16,2025-12-08
DCE,Y2601,2025-01-16,2026-01-16
DCE,Y2603,2025-03-17,2026-03-13
DCE,Y2605,2025-05-20,2026-05-19
GFEX,LC2401,2023-07-21,2024-01-15
GFEX,LC2402,2023-07-21,2024-02-22
GFEX,LC2403,2023-07-21,2024-03-14
GFEX,LC2404,2023-07-21,2024-04-16
GFEX,LC2405,2023-07-21,2024-05-17
GFEX,LC2406,2023-07-21,2024-06-17
GFEX,LC2407,2023-07-21,2024-07-12
GFEX,LC2408,2023-08-15,2024-08-14
GFEX,LC2409,2023-09-15,2024-09-13
GFEX,LC2410,2023-10-23,2024-10-21
GFEX,LC2411,2023-11-15,2024-11-14
GFEX,LC2412,2023-12-15,2024-12-13
GFEX,LC2501,2024-01-16,2025-01-15
GFEX,LC2502,2024-02-23,2025-02-18
GFEX,LC2503,2024-03-15,2025-03-14
GFEX,LC2504,2024-04-17,2025-04-15
GFEX,LC2505,2024-05-20,2025-05-19
GFEX,LC2506,2024-06-18,2025-06-16
GFEX,LC2507,2024-07-15,2025-07-14
GFEX,LC2508,2024-08-15,2025-08-14
GFEX,LC2509,2024-09-18,2025-09-12
GFEX,LC2510,2024-10-22,2025-10-22
GFEX,LC2511,2024-11-15,2025-11-14
GFEX,LC2512,2024-12-16,2025-12-12
GFEX,LC2601,2025-01-16,2026-01-16
GFEX,LC2602,2025-02-19,2026-02-13
GFEX,LC2603,2025-03-17,2026-03-13
GFEX,LC2604,2025-04-16,2026-04-15
GFEX,LC2605,2025-05-20,2026-05-19
GFEX,LC2606,2025-06-17,2026-06-12
GFEX,PD2606,2025-11-27,2026-06-12
GFEX,PS2506,2024-12-26,2025-06-16
GFEX,PS2507,2024-12-26,2025-07-14
GFEX,PS2508,2024-12-26,2025-08-14
GFEX,PS2509,2024-12-26,2025-09-12
GFEX,PS2510,2024-12-26,2025-10-22
GFEX,PS2511,2024-12-26,2025-11-14
GFEX,PS2512,2024-12-26,2025-12-12
GFEX,PS2601,2025-01-16,2026-01-16
GFEX,PS2602,2025-02-19,2026-02-13
GFEX,PS2603,2025-03-17,2026-03-13
GFEX,PS2604,2025-04-16,2026-04-15
GFEX,PS2605,2025-05-20,2026-05-19
GFEX,PS2606,2025-06-17,2026-06-12
GFEX,PT2606,2025-11-27,2026-06-12
GFEX,SI2308,2022-12-22,2023-08-14
GFEX,SI2309,2022-12-22,2023-09-14
GFEX,SI2310,2022-12-22,2023-10-20
GFEX,SI2311,2022-12-22,2023-11-14
GFEX,SI2312,2022-12-22,2023-12-14
GFEX,SI2401,2023-01-17,2024-01-15
GFEX,SI2402,2023-02-15,2024-02-22
GFEX,SI2403,2023-03-15,2024-03-14
GFEX,SI2404,2023-08-15,2024-04-16
GFEX,SI2405,2023-09-15,2024-05-17
GFEX,SI2406,2023-10-23,2024-06-17
GFEX,SI2407,2023-11-15,2024-07-12
GFEX,SI2408,2023-12-15,2024-08-14
GFEX,SI2409,2024-01-16,2024-09-13
GFEX,SI2410,2024-02-23,2024-10-21
GFEX,SI2411,2024-03-15,2024-11-14
GFEX,SI2412,2024-04-17,2024-12-13
GFEX,SI2501,2024-05-20,2025-01-15
GFEX,SI2502,2024-05-20,2025-02-18
GFEX,SI2503,2024-05-20,2025-03-14
GFEX,SI2504,2024-05-20,2025-04-15
GFEX,SI2505,2024-05-20,2025-05-19
GFEX,SI2506,2024-06-18,2025-06-16
GFEX,SI2507,2024-07-15,2025-07-14
GFEX,SI2508,2024-08-15,2025-08-14
GFEX,SI2509,2024-09-18,2025-09-12
GFEX,SI2510,2024-10-22,2025-10-22
GFEX,SI2511,2024-11-15,2025-11-14
GFEX,SI2512,2024-12-16,2025-12-12
GFEX,SI2601,2025-01-16,2026-01-16
GFEX,SI2602,2025-02-19,2026-02-13
GFEX,SI2603,2025-03-17,2026-03-13
GFEX,SI2604,2025-04-16,2026-04-15
GFEX,SI2605,2025-05-20,2026-05-19
GFEX,SI2606,2025-06-17,2026-06-12
SHFE,AG1601,2016-01-04,2016-01-15
SHFE,AG1602,2016-01-04,2016-02-15
SHFE,AG1603,2016-01-04,2016-03-15
SHFE,AG1604,2016-01-04,2016-04-15
SHFE,AG1605,2016-01-04,2016-05-16
SHFE,AG1606,2016-01-04,2016-06-15
SHFE,AG1607,2016-01-07,2016-07-15
SHFE,AG1608,2016-01-06,2016-08-15
SHFE,AG1609,2016-01-04,2016-09-19
SHFE,AG1610,2016-01-04,2016-10-17
SHFE,AG1611,2016-01-07,2016-11-15
SHFE,AG1612,2016-01-04,2016-12-15
SHFE,AG1701,2016-01-18,2017-01-16
SHFE,AG1702,2016-02-16,2017-02-15
SHFE,AG1703,2016-03-16,2017-03-15
SHFE,AG1704,2016-04-20,2017-04-17
SHFE,AG1705,2016-05-17,2017-05-15
SHFE,AG1706,2016-06-16,2017-06-15
SHFE,AG1707,2016-07-18,2017-07-17
SHFE,AG1708,2016-08-16,2017-08-15
SHFE,AG1709,2016-09-21,2017-09-15
SHFE,AG1710,2016-10-20,2017-10-16
SHFE,AG1711,2016-11-16,2017-11-15
SHFE,AG1712,2016-12-16,2017-12-15
SHFE,AG1801,2017-01-18,2018-01-12
SHFE,AG1802,2017-02-16,2018-02-09
SHFE,AG1803,2017-03-16,2018-03-14
SHFE,AG1804,2017-04-19,2018-04-16
SHFE,AG1805,2017-05-16,2018-05-14
SHFE,AG1806,2017-06-16,2018-06-15
SHFE,AG1807,2017-07-20,2018-07-13
SHFE,AG1808,2017-08-16,2018-08-15
SHFE,AG1809,2017-09-18,2018-09-17
SHFE,AG1810,2017-10-17,2018-10-15
SHFE,AG1811,2017-11-21,2018-11-14
SHFE,AG1812,2017-12-18,2018-12-17
SHFE,AG1901,2018-01-18,2019-01-15
SHFE,AG1902,2018-02-13,2019-02-13
SHFE,AG1903,2018-03-16,2019-03-15
SHFE,AG1904,2018-04-17,2019-04-15
SHFE,AG1905,2018-05-18,2019-05-10
SHFE,AG1906,2018-06-19,2019-06-17
SHFE,AG1907,2018-07-25,2019-07-15
SHFE,AG1908,2018-08-16,2019-08-13
SHFE,AG1909,2018-09-20,2019-09-16
SHFE,AG1910,2018-10-16,2019-10-15
SHFE,AG1911,2018-11-20,2019-11-15
SHFE,AG1912,2018-12-18,2019-12-16
SHFE,AG2001,2019-01-18,2020-01-15
SHFE,AG2002,2019-03-04,2020-02-17
SHFE,AG2003,2019-03-18,2020-03-16
SHFE,AG2004,2019-04-18,2020-04-15
SHFE,AG2005,2019-05-16,2020-05-15
SHFE,AG2006,2019-06-18,2020-06-15
SHFE,AG2007,2019-07-16,2020-07-15
SHFE,AG2008,2019-08-16,2020-08-17
SHFE,AG2009,2019-09-17,2020-09-15
SHFE,AG2010,2019-10-16,2020-10-15
SHFE,AG2011,2019-11-19,2020-11-16
SHFE,AG2012,2019-12-17,2020-12-15
SHFE,AG2101,2020-01-16,2021-01-15
SHFE,AG2102,2020-02-18,2021-02-05
SHFE,AG2103,2020-03-17,2021-03-15
SHFE,AG2104,2020-04-17,2021-04-15
SHFE,AG2105,2020-05-18,2021-05-17
SHFE,AG2106,2020-06-16,2021-06-15
SHFE,AG2107,2020-07-16,2021-07-15
SHFE,AG2108,2020-08-18,2021-08-16
SHFE,AG2109,2020-09-16,2021-09-15
SHFE,AG2110,2020-10-19,2021-10-15
SHFE,AG2111,2020-11-17,2021-11-15
SHFE,AG2112,2020-12-16,2021-12-15
SHFE,AG2201,2021-01-18,2022-01-17
SHFE,AG2202,2021-02-08,2022-02-15
SHFE,AG2203,2021-03-16,2022-03-15
SHFE,AG2204,2021-04-16,2022-04-15
SHFE,AG2205,2021-05-18,2022-05-16
SHFE,AG2206,2021-06-16,2022-06-15
SHFE,AG2207,2021-07-16,2022-07-15
SHFE,AG2208,2021-08-17,2022-08-15
SHFE,AG2209,2021-09-17,2022-09-15
SHFE,AG2210,2021-10-18,2022-10-17
SHFE,AG2211,2021-11-16,2022-11-15
SHFE,AG2212,2021-12-16,2022-12-15
SHFE,AG2301,2022-01-19,2023-01-16
SHFE,AG2302,2022-02-16,2023-02-15
SHFE,AG2303,2022-03-17,2023-03-15
SHFE,AG2304,2022-04-18,2023-04-17
SHFE,AG2305,2022-05-17,2023-05-15
SHFE,AG2306,2022-06-16,2023-06-15
SHFE,AG2307,2022-07-18,2023-07-17
SHFE,AG2308,2022-08-16,2023-08-15
SHFE,AG2309,2022-09-16,2023-09-15
SHFE,AG2310,2022-10-18,2023-10-16
SHFE,AG2311,2022-11-16,2023-11-15
SHFE,AG2312,2022-12-16,2023-12-15
SHFE,AG2401,2023-01-17,2024-01-15
SHFE,AG2402,2023-02-16,2024-02-19
SHFE,AG2403,2023-03-16,2024-03-15
SHFE,AG2404,2023-04-18,2024-04-15
SHFE,AG2405,2023-05-16,2024-05-15
SHFE,AG2406,2023-06-16,2024-06-17
SHFE,AG2407,2023-07-18,2024-07-15
SHFE,AG2408,2023-08-16,2024-08-15
SHFE,AG2409,2023-09-18,2024-09-18
SHFE,AG2410,2023-10-17,2024-10-15
SHFE,AG2411,2023-11-16,2024-11-15
SHFE,AG2412,2023-12-18,2024-12-16
SHFE,AG2501,2024-01-16,2025-01-15
SHFE,AG2502,2024-02-20,2025-02-17
SHFE,AG2503,2024-03-18,2025-03-17
SHFE,AG2504,2024-04-16,2025-04-15
SHFE,AG2505,2024-05-16,2025-05-15
SHFE,AG2506,2024-06-18,2025-06-16
SHFE,AG2507,2024-07-16,2025-07-15
SHFE,AG2508,2024-08-16,2025-08-15
SHFE,AG2509,2024-09-19,2025-09-15
SHFE,AG2510,2024-10-16,2025-10-15
SHFE,AG2511,2024-11-18,2025-11-17
SHFE,AG2512,2024-12-17,2025-12-15
SHFE,AG2601,2025-01-16,2026-01-15
SHFE,AG2602,2025-02-18,2026-02-24
SHFE,AG2603,2025-03-18,2026-03-16
SHFE,AG2604,2025-04-16,2026-04-15
SHFE,AG2605,2025-05-16,2026-05-15
SHFE,AG2606,2025-06-17,2026-06-15
SHFE,AL1601,2016-01-04,2016-01-15
SHFE,AL1602,2016-01-04,2016-02-15
SHFE,AL1603,2016-01-04,2016-03-15
SHFE,AL1604,2016-01-04,2016-04-15
SHFE,AL1605,2016-01-04,2016-05-16
SHFE,AL1606,2016-01-04,2016-06-15
SHFE,AL1607,2016-01-04,2016-07-15
SHFE,AL1608,2016-01-04,2016-08-15
SHFE,AL1609,2016-01-04,2016-09-19
SHFE,AL1610,2016-01-04,2016-10-17
SHFE,AL1611,2016-01-04,2016-11-15
SHFE,AL1612,2016-01-04,2016-12-15
SHFE,AL1701,2016-01-18,2017-01-16
SHFE,AL1702,2016-02-16,2017-02-15
SHFE,AL1703,2016-03-18,2017-03-15
SHFE,AL1704,2016-04-19,2017-04-17
SHFE,AL1705,2016-05-18,2017-05-15
SHFE,AL1706,2016-06-16,2017-06-15
SHFE,AL1707,2016-07-19,2017-07-17
SHFE,AL1708,2016-08-16,2017-08-15
SHFE,AL1709,2016-09-20,2017-09-15
SHFE,AL1710,2016-10-18,2017-10-16
SHFE,AL1711,2016-11-16,2017-11-15
SHFE,AL1712,2016-12-16,2017-12-15
SHFE,AL1801,2017-01-17,2018-01-15
SHFE,AL1802,2017-02-16,2018-02-09
SHFE,AL1803,2017-03-16,2018-03-15
SHFE,AL1804,2017-04-18,2018-04-16
SHFE,AL1805,2017-05-17,2018-05-15
SHFE,AL1806,2017-06-19,2018-06-15
SHFE,AL1807,2017-07-18,2018-07-16
SHFE,AL1808,2017-08-16,2018-08-15
SHFE,AL1809,2017-09-18,2018-09-17
SHFE,AL1810,2017-10-18,2018-10-15
SHFE,AL1811,2017-11-16,2018-11-15
SHFE,AL1812,2017-12-18,2018-12-17
SHFE,AL1901,2018-01-16,2019-01-15
SHFE,AL1902,2018-02-12,2019-02-15
SHFE,AL1903,2018-03-19,2019-03-15
SHFE,AL1904,2018-04-17,2019-04-15
SHFE,AL1905,2018-05-16,2019-05-15
SHFE,AL1906,2018-06-19,2019-06-17
SHFE,AL1907,2018-07-18,2019-07-15
SHFE,AL1908,2018-08-16,2019-08-15
SHFE,AL1909,2018-09-18,2019-09-16
SHFE,AL1910,2018-10-16,2019-10-15
SHFE,AL1911,2018-11-16,2019-11-15
SHFE,AL1912,2018-12-18,2019-12-16
SHFE,AL2001,2019-01-16,2020-01-15
SHFE,AL2002,2019-02-18,2020-02-17
SHFE,AL2003,2019-03-20,2020-03-16
SHFE,AL2004,2019-04-17,2020-04-15
SHFE,AL2005,2019-05-17,2020-05-15
SHFE,AL2006,2019-06-18,2020-06-15
SHFE,AL2007,2019-07-16,2020-07-15
SHFE,AL2008,2019-08-19,2020-08-17
SHFE,AL2009,2019-09-17,2020-09-15
SHFE,AL2010,2019-10-16,2020-10-15
SHFE,AL2011,2019-11-18,2020-11-16
SHFE,AL2012,2019-12-18,2020-12-15
SHFE,AL2101,2020-01-17,2021-01-15
SHFE,AL2102,2020-02-19,2021-02-05
SHFE,AL2103,2020-03-18,2021-03-15
SHFE,AL2104,2020-04-17,2021-04-15
SHFE,AL2105,2020-05-18,2021-05-17
SHFE,AL2106,2020-06-16,2021-06-15
SHFE,AL2107,2020-07-16,2021-07-15
SHFE,AL2108,2020-08-18,2021-08-16
SHFE,AL2109,2020-09-23,2021-09-15
SHFE,AL2110,2020-10-16,2021-10-15
SHFE,AL2111,2020-11-18,2021-11-15
SHFE,AL2112,2020-12-16,2021-12-15
SHFE,AL2201,2021-01-18,2022-01-17
SHFE,AL2202,2021-02-09,2022-02-15
SHFE,AL2203,2021-03-16,2022-03-15
SHFE,AL2204,2021-04-16,2022-04-15
SHFE,AL2205,2021-05-18,2022-05-16
SHFE,AL2206,2021-06-17,2022-06-15
SHFE,AL2207,2021-07-16,2022-07-15
SHFE,AL2208,2021-08-17,2022-08-15
SHFE,AL2209,2021-09-16,2022-09-15
SHFE,AL2210,2021-10-18,2022-10-17
SHFE,AL2211,2021-11-16,2022-11-15
SHFE,AL2212,2021-12-16,2022-12-15
SHFE,AL2301,2022-01-18,2023-01-16
SHFE,AL2302,2022-02-16,2023-02-15
SHFE,AL2303,2022-03-16,2023-03-15
SHFE,AL2304,2022-04-19,2023-04-17
SHFE,AL2305,2022-05-17,2023-05-15
SHFE,AL2306,2022-06-16,2023-06-15
SHFE,AL2307,2022-07-19,2023-07-17
SHFE,AL2308,2022-08-16,2023-08-15
SHFE,AL2309,2022-09-16,2023-09-15
SHFE,AL2310,2022-10-19,2023-10-16
SHFE,AL2311,2022-11-16,2023-11-15
SHFE,AL2312,2022-12-16,2023-12-15
SHFE,AL2401,2023-01-18,2024-01-15
SHFE,AL2402,2023-02-17,2024-02-19
SHFE,AL2403,2023-03-16,2024-03-15
SHFE,AL2404,2023-04-18,2024-04-15
SHFE,AL2405,2023-05-16,2024-05-15
SHFE,AL2406,2023-06-16,2024-06-17
SHFE,AL2407,2023-07-18,2024-07-15
SHFE,AL2408,2023-08-16,2024-08-15
SHFE,AL2409,2023-09-18,2024-09-18
SHFE,AL2410,2023-10-17,2024-10-15
SHFE,AL2411,2023-11-17,2024-11-15
SHFE,AL2412,2023-12-18,2024-12-16
SHFE,AL2501,2024-01-16,2025-01-15
SHFE,AL2502,2024-02-20,2025-02-17
SHFE,AL2503,2024-03-18,2025-03-17
SHFE,AL2504,2024-04-16,2025-04-15
SHFE,AL2505,2024-05-16,2025-05-15
SHFE,AL2506,2024-06-18,2025-06-16
SHFE,AL2507,2024-07-16,2025-07-15
SHFE,AL2508,2024-08-16,2025-08-15
SHFE,AL2509,2024-09-19,2025-09-15
SHFE,AL2510,2024-10-16,2025-10-15
SHFE,AL2511,2024-11-18,2025-11-17
SHFE,AL2512,2024-12-17,2025-12-15
SHFE,AL2601,2025-01-16,2026-01-15
SHFE,AL2602,2025-02-18,2026-02-24
SHFE,AL2603,2025-03-18,2026-03-16
SHFE,AL2604,2025-04-16,2026-04-15
SHFE,AL2605,2025-05-16,2026-05-15
SHFE,AL2606,2025-06-17,2026-06-15
SHFE,BU1601,2016-01-04,2016-01-15
SHFE,BU1602,2016-01-04,2016-02-03
SHFE,BU1603,2016-01-04,2016-03-11
SHFE,BU1604,2016-01-05,2016-04-11
SHFE,BU1605,2016-01-04,2016-05-16
SHFE,BU1606,2016-01-04,2016-06-15
SHFE,BU1607,2016-01-21,2016-07-13
SHFE,BU1608,2016-02-18,2016-08-11
SHFE,BU1609,2016-01-04,2016-09-19
SHFE,BU1610,2016-04-18,2016-10-17
SHFE,BU1611,2016-05-17,2016-11-14
SHFE,BU1612,2016-01-04,2016-12-15
SHFE,BU1701,2016-07-18,2017-01-16
SHFE,BU1702,2016-08-19,2017-02-10
SHFE,BU1703,2016-01-06,2017-03-15
SHFE,BU1704,2016-10-27,2017-04-17
SHFE,BU1705,2016-11-16,2017-05-15
SHFE,BU1706,2016-01-04,2017-06-15
SHFE,BU1707,2017-01-17,2017-07-12
SHFE,BU1708,2017-02-28,2017-08-15
SHFE,BU1709,2016-01-04,2017-09-15
SHFE,BU1710,2017-04-19,2017-10-16
SHFE,BU1711,2017-05-17,2017-11-15
SHFE,BU1712,2016-01-05,2017-12-15
SHFE,BU1801,2017-07-18,2018-01-15
SHFE,BU1802,2017-08-16,2018-02-07
SHFE,BU1803,2016-03-16,2018-03-12
SHFE,BU1804,2017-10-24,2018-03-21
SHFE,BU1805,2017-11-17,2018-05-11
SHFE,BU1806,2016-06-16,2018-06-15
SHFE,BU1807,2018-01-18,2018-07-12
SHFE,BU1808,2018-02-14,2018-08-01
SHFE,BU1809,2016-09-20,2018-09-17
SHFE,BU1810,2018-04-17,2018-10-11
SHFE,BU1811,2018-05-23,2018-10-24
SHFE,BU1812,2016-12-16,2018-12-17
SHFE,BU1901,2018-07-17,2019-01-11
SHFE,BU1902,2018-08-23,2019-02-13
SHFE,BU1903,2017-03-16,2019-03-15
SHFE,BU1904,2018-10-19,2019-04-10
SHFE,BU1905,2018-11-16,2019-05-15
SHFE,BU1906,2017-06-16,2019-06-17
SHFE,BU1907,2019-01-17,2019-07-09
SHFE,BU1908,2019-02-28,2019-07-18
SHFE,BU1909,2017-09-18,2019-09-12
SHFE,BU1910,2019-04-16,2019-10-10
SHFE,BU1911,2019-05-20,2019-11-08
SHFE,BU1912,2017-12-18,2019-12-16
SHFE,BU2001,2019-07-16,2020-01-14
SHFE,BU2002,2019-09-09,2020-02-11
SHFE,BU2003,2018-03-20,2020-03-13
SHFE,BU2004,2019-11-18,2020-04-15
SHFE,BU2005,2019-11-18,2020-05-15
SHFE,BU2006,2018-06-19,2020-06-15
SHFE,BU2007,2020-01-23,2020-07-10
SHFE,BU2008,2020-03-09,2020-08-12
SHFE,BU2009,2018-09-18,2020-09-15
SHFE,BU2010,2020-04-16,2020-10-15
SHFE,BU2011,2020-05-25,2020-11-10
SHFE,BU2012,2018-12-19,2020-12-15
SHFE,BU2101,2020-07-16,2021-01-15
SHFE,BU2102,2020-08-18,2021-02-05
SHFE,BU2103,2019-03-18,2021-03-12
SHFE,BU2104,2020-10-16,2021-04-14
SHFE,BU2105,2020-11-17,2021-05-13
SHFE,BU2106,2019-06-18,2021-06-11
SHFE,BU2107,2021-01-25,2021-07-13
SHFE,BU2108,2021-02-09,2021-08-16
SHFE,BU2109,2019-09-17,2021-09-15
SHFE,BU2110,2021-04-27,2021-10-15
SHFE,BU2111,2021-06-01,2021-11-12
SHFE,BU2112,2019-12-17,2021-12-15
SHFE,BU2201,2021-07-16,2022-01-13
SHFE,BU2202,2021-08-24,2022-02-14
SHFE,BU2203,2020-03-25,2022-03-15
SHFE,BU2204,2021-10-20,2022-04-14
SHFE,BU2205,2021-11-16,2022-05-16
SHFE,BU2206,2020-06-16,2022-06-15
SHFE,BU2207,2022-01-18,2022-07-15
SHFE,BU2208,2022-02-18,2022-08-12
SHFE,BU2209,2020-09-16,2022-09-15
SHFE,BU2210,2022-03-22,2022-10-17
SHFE,BU2211,2022-03-28,2022-11-15
SHFE,BU2212,2020-12-16,2022-12-13
SHFE,BU2301,2022-03-16,2023-01-16
SHFE,BU2302,2022-04-28,2023-02-14
SHFE,BU2303,2021-03-16,2023-03-15
SHFE,BU2304,2022-04-28,2023-04-14
SHFE,BU2305,2022-05-23,2023-05-15
SHFE,BU2306,2021-06-16,2023-06-15
SHFE,BU2307,2022-07-21,2023-07-14
SHFE,BU2308,2022-08-29,2023-08-15
SHFE,BU2309,2021-09-23,2023-09-15
SHFE,BU2310,2022-11-02,2023-10-13
SHFE,BU2311,2022-12-01,2023-11-13
SHFE,BU2312,2021-12-16,2023-12-13
SHFE,BU2401,2023-02-01,2024-01-15
SHFE,BU2402,2023-03-02,2024-02-19
SHFE,BU2403,2022-03-16,2024-03-15
SHFE,BU2404,2023-05-16,2024-04-15
SHFE,BU2405,2023-05-22,2024-05-14
SHFE,BU2406,2022-06-16,2024-06-17
SHFE,BU2407,2023-07-20,2024-07-11
SHFE,BU2408,2023-08-18,2024-08-13
SHFE,BU2409,2022-09-16,2024-09-18
SHFE,BU2410,2023-10-20,2024-10-15
SHFE,BU2411,2023-11-17,2024-11-15
SHFE,BU2412,2022-12-26,2024-12-16
SHFE,BU2501,2024-01-18,2025-01-15
SHFE,BU2502,2024-03-13,2025-02-17
SHFE,BU2503,2023-03-16,2025-03-14
SHFE,BU2504,2024-05-08,2025-04-15
SHFE,BU2505,2024-05-24,2025-05-14
SHFE,BU2506,2023-06-19,2025-06-16
SHFE,BU2507,2024-07-25,2025-07-15
SHFE,BU2508,2024-08-27,2025-08-13
SHFE,BU2509,2023-09-18,2025-09-15
SHFE,BU2510,2024-10-17,2025-10-15
SHFE,BU2511,2024-11-20,2025-11-17
SHFE,BU2512,2023-12-22,2025-12-15
SHFE,BU2601,2025-01-17,2026-01-13
SHFE,BU2602,2025-02-24,2026-02-24
SHFE,BU2603,2024-03-25,2026-03-16
SHFE,BU2604,2025-04-16,2026-04-15
SHFE,BU2605,2025-05-30,2026-05-14
SHFE,BU2606,2024-06-19,2026-06-15
SHFE,CU1601,2016-01-04,2016-01-15
SHFE,CU1602,2016-01-04,2016-02-15
SHFE,CU1603,2016-01-04,2016-03-15
SHFE,CU1604,2016-01-04,2016-04-15
SHFE,CU1605,2016-01-04,2016-05-16
SHFE,CU1606,2016-01-04,2016-06-15
SHFE,CU1607,2016-01-04,2016-07-15
SHFE,CU1608,2016-01-04,2016-08-15
SHFE,CU1609,2016-01-04,2016-09-19
SHFE,CU1610,2016-01-04,2016-10-17
SHFE,CU1611,2016-01-04,2016-11-15
SHFE,CU1612,2016-01-04,2016-12-15
SHFE,CU1701,2016-01-18,2017-01-16
SHFE,CU1702,2016-02-16,2017-02-15
SHFE,CU1703,2016-03-16,2017-03-15
SHFE,CU1704,2016-04-18,2017-04-17
SHFE,CU1705,2016-05-17,2017-05-15
SHFE,CU1706,2016-06-16,2017-06-15
SHFE,CU1707,2016-07-18,2017-07-17
SHFE,CU1708,2016-08-16,2017-08-15
SHFE,CU1709,2016-09-20,2017-09-15
SHFE,CU1710,2016-10-18,2017-10-16
SHFE,CU1711,2016-11-16,2017-11-15
SHFE,CU1712,2016-12-16,2017-12-15
SHFE,CU1801,2017-01-17,2018-01-15
SHFE,CU1802,2017-02-16,2018-02-09
SHFE,CU1803,2017-03-16,2018-03-15
SHFE,CU1804,2017-04-18,2018-04-16
SHFE,CU1805,2017-05-16,2018-05-15
SHFE,CU1806,2017-06-16,2018-06-15
SHFE,CU1807,2017-07-18,2018-07-16
SHFE,CU1808,2017-08-16,2018-08-15
SHFE,CU1809,2017-09-18,2018-09-17
SHFE,CU1810,2017-10-17,2018-10-15
SHFE,CU1811,2017-11-16,2018-11-15
SHFE,CU1812,2017-12-18,2018-12-17
SHFE,CU1901,2018-01-16,2019-01-15
SHFE,CU1902,2018-02-12,2019-02-15
SHFE,CU1903,2018-03-16,2019-03-15
SHFE,CU1904,2018-04-17,2019-04-15
SHFE,CU1905,2018-05-16,2019-05-15
SHFE,CU1906,2018-06-19,2019-06-17
SHFE,CU1907,2018-07-17,2019-07-15
SHFE,CU1908,2018-08-16,2019-08-15
SHFE,CU1909,2018-09-18,2019-09-16
SHFE,CU1910,2018-10-16,2019-10-15
SHFE,CU1911,2018-11-16,2019-11-15
SHFE,CU1912,2018-12-18,2019-12-16
SHFE,CU2001,2019-01-16,2020-01-15
SHFE,CU2002,2019-02-18,2020-02-17
SHFE,CU2003,2019-03-18,2020-03-16
SHFE,CU2004,2019-04-16,2020-04-15
SHFE,CU2005,2019-05-16,2020-05-15
SHFE,CU2006,2019-06-18,2020-06-15
SHFE,CU2007,2019-07-16,2020-07-15
SHFE,CU2008,2019-08-16,2020-08-17
SHFE,CU2009,2019-09-17,2020-09-15
SHFE,CU2010,2019-10-16,2020-10-15
SHFE,CU2011,2019-11-18,2020-11-16
SHFE,CU2012,2019-12-17,2020-12-15
SHFE,CU2101,2020-01-17,2021-01-15
SHFE,CU2102,2020-02-18,2021-02-05
SHFE,CU2103,2020-03-17,2021-03-15
SHFE,CU2104,2020-04-17,2021-04-15
SHFE,CU2105,2020-05-18,2021-05-17
SHFE,CU2106,2020-06-18,2021-06-15
SHFE,CU2107,2020-07-16,2021-07-15
SHFE,CU2108,2020-08-18,2021-08-16
SHFE,CU2109,2020-09-16,2021-09-15
SHFE,CU2110,2020-10-16,2021-10-15
SHFE,CU2111,2020-11-18,2021-11-15
SHFE,CU2112,2020-12-16,2021-12-15
SHFE,CU2201,2021-01-18,2022-01-17
SHFE,CU2202,2021-02-08,2022-02-15
SHFE,CU2203,2021-03-16,2022-03-15
SHFE,CU2204,2021-04-16,2022-04-15
SHFE,CU2205,2021-05-18,2022-05-16
SHFE,CU2206,2021-06-16,2022-06-15
SHFE,CU2207,2021-07-19,2022-07-15
SHFE,CU2208,2021-08-17,2022-08-15
SHFE,CU2209,2021-09-17,2022-09-15
SHFE,CU2210,2021-10-18,2022-10-17
SHFE,CU2211,2021-11-16,2022-11-15
SHFE,CU2212,2021-12-16,2022-12-15
SHFE,CU2301,2022-01-18,2023-01-16
SHFE,CU2302,2022-02-16,2023-02-15
SHFE,CU2303,2022-03-16,2023-03-15
SHFE,CU2304,2022-04-18,2023-04-17
SHFE,CU2305,2022-05-18,2023-05-15
SHFE,CU2306,2022-06-16,2023-06-15
SHFE,CU2307,2022-07-19,2023-07-17
SHFE,CU2308,2022-08-16,2023-08-15
SHFE,CU2309,2022-09-16,2023-09-15
SHFE,CU2310,2022-10-18,2023-10-16
SHFE,CU2311,2022-11-16,2023-11-15
SHFE,CU2312,2022-12-16,2023-12-15
SHFE,CU2401,2023-01-17,2024-01-15
SHFE,CU2402,2023-02-16,2024-02-19
SHFE,CU2403,2023-03-16,2024-03-15
SHFE,CU2404,2023-04-18,2024-04-15
SHFE,CU2405,2023-05-16,2024-05-15
SHFE,CU2406,2023-06-16,2024-06-17
SHFE,CU2407,2023-07-18,2024-07-15
SHFE,CU2408,2023-08-16,2024-08-15
SHFE,CU2409,2023-09-18,2024-09-18
SHFE,CU2410,2023-10-17,2024-10-15
SHFE,CU2411,2023-11-16,2024-11-15
SHFE,CU2412,2023-12-18,2024-12-16
SHFE,CU2501,2024-01-16,2025-01-15
SHFE,CU2502,2024-02-20,2025-02-17
SHFE,CU2503,2024-03-18,2025-03-17
SHFE,CU2504,2024-04-16,2025-04-15
SHFE,CU2505,2024-05-16,2025-05-15
SHFE,CU2506,2024-06-18,2025-06-16
SHFE,CU2507,2024-07-16,2025-07-15
SHFE,CU2508,2024-08-16,2025-08-15
SHFE,CU2509,2024-09-19,2025-09-15
SHFE,CU2510,2024-10-16,2025-10-15
SHFE,CU2511,2024-11-18,2025-11-17
SHFE,CU2512,2024-12-17,2025-12-15
SHFE,CU2601,2025-01-16,2026-01-15
SHFE,CU2602,2025-02-18,2026-02-24
SHFE,CU2603,2025-03-18,2026-03-16
SHFE,CU2604,2025-04-16,2026-04-15
SHFE,CU2605,2025-05-16,2026-05-15
SHFE,CU2606,2025-06-17,2026-06-15
SHFE,FU1603,2016-02-22,2016-02-22
SHFE,FU1604,2016-01-04,2016-03-02
SHFE,FU1605,2016-01-08,2016-04-25
SHFE,FU1606,2016-02-23,2016-04-29
SHFE,FU1607,2016-03-03,2016-06-27
SHFE,FU1608,2016-01-04,2016-07-25
SHFE,FU1609,2016-01-13,2016-06-30
SHFE,FU1611,2016-07-01,2016-07-01
SHFE,FU1612,2016-04-18,2016-10-25
SHFE,FU1702,2016-02-26,2016-12-15
SHFE,FU1703,2016-03-22,2016-09-20
SHFE,FU1704,2016-06-03,2017-03-30
SHFE,FU1705,2016-07-01,2017-03-30
SHFE,FU1706,2016-10-28,2017-03-27
SHFE,FU1708,2016-11-21,2016-12-15
SHFE,FU1709,2017-03-07,2017-08-28
SHFE,FU1710,2017-07-03,2017-09-25
SHFE,FU1711,2016-11-18,2017-09-25
SHFE,FU1712,2017-08-10,2017-08-16
SHFE,FU1801,2017-02-23,2017-03-31
SHFE,FU1803,2017-09-01,2017-09-01
SHFE,FU1804,2017-05-26,2017-06-27
SHFE,FU1805,2017-08-02,2017-08-02
SHFE,FU1901,2018-07-16,2018-12-28
SHFE,FU1902,2018-07-23,2019-01-22
SHFE,FU1903,2018-07-31,2019-02-26
SHFE,FU1904,2018-10-26,2019-03-26
SHFE,FU1905,2018-05-09,2019-04-30
SHFE,FU1906,2018-07-16,2019-05-28
SHFE,FU1907,2018-07-16,2019-06-27
SHFE,FU1908,2018-08-24,2019-07-26
SHFE,FU1909,2018-10-09,2019-08-30
SHFE,FU1910,2018-11-14,2019-09-19
SHFE,FU1911,2018-11-06,2019-10-28
SHFE,FU1912,2018-12-10,2019-11-26
SHFE,FU2001,2019-01-02,2019-12-20
SHFE,FU2002,2019-02-12,2020-01-15
SHFE,FU2003,2019-03-25,2020-02-28
SHFE,FU2004,2019-04-22,2020-03-30
SHFE,FU2005,2019-05-06,2020-04-30
SHFE,FU2006,2019-06-11,2020-05-29
SHFE,FU2007,2019-07-17,2020-06-30
SHFE,FU2008,2019-08-07,2020-07-30
SHFE,FU2009,2019-09-02,2020-08-31
SHFE,FU2010,2019-10-11,2020-09-23
SHFE,FU2011,2019-11-04,2020-10-30
SHFE,FU2012,2019-12-10,2020-11-30
SHFE,FU2101,2019-12-24,2020-12-24
SHFE,FU2102,2020-01-17,2021-01-29
SHFE,FU2103,2020-03-02,2021-02-25
SHFE,FU2104,2020-04-01,2021-03-31
SHFE,FU2105,2020-05-06,2021-04-30
SHFE,FU2106,2020-06-01,2021-05-27
SHFE,FU2107,2020-07-03,2021-06-25
SHFE,FU2108,2020-08-05,2021-07-27
SHFE,FU2109,2020-09-01,2021-08-31
SHFE,FU2110,2020-09-24,2021-09-22
SHFE,FU2111,2020-11-02,2021-10-27
SHFE,FU2112,2020-12-01,2021-11-30
SHFE,FU2201,2020-12-25,2021-12-23
SHFE,FU2202,2021-02-01,2022-01-20
SHFE,FU2203,2021-03-02,2022-02-23
SHFE,FU2204,2021-04-01,2022-03-29
SHFE,FU2205,2021-05-06,2022-04-29
SHFE,FU2206,2021-06-01,2022-05-31
SHFE,FU2207,2021-07-02,2022-06-29
SHFE,FU2208,2021-08-05,2022-07-28
SHFE,FU2209,2021-09-01,2022-08-31
SHFE,FU2210,2021-09-29,2022-09-22
SHFE,FU2211,2021-11-02,2022-10-27
SHFE,FU2212,2021-12-01,2022-11-28
SHFE,FU2301,2021-12-24,2022-12-22
SHFE,FU2302,2022-01-25,2023-01-16
SHFE,FU2303,2022-03-02,2023-02-27
SHFE,FU2304,2022-04-01,2023-03-29
SHFE,FU2305,2022-05-05,2023-04-28
SHFE,FU2306,2022-06-01,2023-05-30
SHFE,FU2307,2022-07-05,2023-06-30
SHFE,FU2308,2022-08-01,2023-07-31
SHFE,FU2309,2022-09-01,2023-08-31
SHFE,FU2310,2022-09-26,2023-09-28
SHFE,FU2311,2022-11-04,2023-10-31
SHFE,FU2312,2022-12-01,2023-11-30
SHFE,FU2401,2022-12-23,2023-12-29
SHFE,FU2402,2023-01-17,2024-01-31
SHFE,FU2403,2023-03-01,2024-02-29
SHFE,FU2404,2023-04-03,2024-03-29
SHFE,FU2405,2023-05-04,2024-04-30
SHFE,FU2406,2023-06-02,2024-05-29
SHFE,FU2407,2023-07-03,2024-06-27
SHFE,FU2408,2023-08-01,2024-07-29
SHFE,FU2409,2023-09-01,2024-08-30
SHFE,FU2410,2023-10-09,2024-09-26
SHFE,FU2411,2023-11-01,2024-10-30
SHFE,FU2412,2023-12-01,2024-11-29
SHFE,FU2501,2024-01-02,2024-12-31
SHFE,FU2502,2024-02-01,2025-01-27
SHFE,FU2503,2024-03-01,2025-02-28
SHFE,FU2504,2024-04-01,2025-03-31
SHFE,FU2505,2024-05-06,2025-04-30
SHFE,FU2506,2024-06-03,2025-05-26
SHFE,FU2507,2024-07-01,2025-06-30
SHFE,FU2508,2024-08-01,2025-07-31
SHFE,FU2509,2024-09-02,2025-08-29
SHFE,FU2510,2024-10-08,2025-09-30
SHFE,FU2511,2024-11-01,2025-10-31
SHFE,FU2512,2024-12-02,2025-11-27
SHFE,FU2601,2025-01-02,2025-12-31
SHFE,FU2602,2025-02-05,2026-01-30
SHFE,FU2603,2025-03-03,2026-02-27
SHFE,FU2604,2025-04-01,2026-03-30
SHFE,FU2605,2025-05-06,2026-04-30
SHFE,FU2606,2025-06-03,2026-05-29
SHFE,HC1601,2016-01-04,2016-01-11
SHFE,HC1603,2016-01-11,2016-02-29
SHFE,HC1604,2016-01-22,2016-03-28
SHFE,HC1605,2016-01-04,2016-05-11
SHFE,HC1606,2016-01-18,2016-05-30
SHFE,HC1607,2016-01-20,2016-06-30
SHFE,HC1608,2016-01-07,2016-07-21
SHFE,HC1609,2016-01-06,2016-09-08
SHFE,HC1610,2016-01-04,2016-10-14
SHFE,HC1611,2016-01-21,2016-10-31
SHFE,HC1612,2016-01-13,2016-11-30
SHFE,HC1701,2016-01-18,2017-01-16
SHFE,HC1702,2016-04-19,2017-01-26
SHFE,HC1703,2016-03-29,2017-02-28
SHFE,HC1704,2016-04-19,2017-03-03
SHFE,HC1705,2016-05-17,2017-05-15
SHFE,HC1706,2016-08-16,2017-05-31
SHFE,HC1707,2016-07-19,2017-06-30
SHFE,HC1708,2016-08-24,2017-07-25
SHFE,HC1709,2016-09-21,2017-09-08
SHFE,HC1710,2016-10-18,2017-10-16
SHFE,HC1711,2017-01-03,2017-10-31
SHFE,HC1712,2017-01-17,2017-11-30
SHFE,HC1801,2017-01-17,2018-01-12
SHFE,HC1802,2017-02-27,2018-01-31
SHFE,HC1803,2017-03-22,2018-03-01
SHFE,HC1804,2017-05-12,2018-04-03
SHFE,HC1805,2017-05-16,2018-05-15
SHFE,HC1806,2017-06-20,2018-05-31
SHFE,HC1807,2017-07-27,2018-07-09
SHFE,HC1808,2017-10-09,2018-08-02
SHFE,HC1809,2017-09-19,2018-09-17
SHFE,HC1810,2017-10-17,2018-10-15
SHFE,HC1811,2017-11-16,2018-11-13
SHFE,HC1812,2018-03-20,2018-12-14
SHFE,HC1901,2018-01-16,2019-01-15
SHFE,HC1902,2018-05-31,2019-02-13
SHFE,HC1903,2018-03-22,2019-02-28
SHFE,HC1904,2018-05-14,2019-03-28
SHFE,HC1905,2018-05-16,2019-05-14
SHFE,HC1906,2018-06-22,2019-05-31
SHFE,HC1907,2018-07-19,2019-06-18
SHFE,HC1908,2018-08-20,2019-08-15
SHFE,HC1909,2018-09-18,2019-09-16
SHFE,HC1910,2018-10-16,2019-10-15
SHFE,HC1911,2018-11-23,2019-11-14
SHFE,HC1912,2019-01-29,2019-11-29
SHFE,HC2001,2019-01-16,2020-01-15
SHFE,HC2002,2019-02-18,2020-02-07
SHFE,HC2003,2019-03-26,2020-03-09
SHFE,HC2004,2019-04-19,2020-04-07
SHFE,HC2005,2019-05-16,2020-05-15
SHFE,HC2006,2019-06-19,2020-06-10
SHFE,HC2007,2019-08-01,2020-07-15
SHFE,HC2008,2019-08-29,2020-08-12
SHFE,HC2009,2019-09-17,2020-09-11
SHFE,HC2010,2019-10-16,2020-10-15
SHFE,HC2011,2019-11-21,2020-11-13
SHFE,HC2012,2020-01-17,2020-11-30
SHFE,HC2101,2020-01-16,2021-01-15
SHFE,HC2102,2020-02-25,2021-02-05
SHFE,HC2103,2020-04-02,2021-03-15
SHFE,HC2104,2020-04-22,2021-04-15
SHFE,HC2105,2020-05-18,2021-05-17
SHFE,HC2106,2020-07-02,2021-06-15
SHFE,HC2107,2020-09-17,2021-07-14
SHFE,HC2108,2020-11-18,2021-08-09
SHFE,HC2109,2020-09-17,2021-09-08
SHFE,HC2110,2020-10-16,2021-10-15
SHFE,HC2111,2020-11-23,2021-11-15
SHFE,HC2112,2020-12-17,2021-12-09
SHFE,HC2201,2021-01-18,2022-01-17
SHFE,HC2202,2021-02-19,2022-02-15
SHFE,HC2203,2021-03-22,2022-03-15
SHFE,HC2204,2021-04-16,2022-04-15
SHFE,HC2205,2021-05-18,2022-05-16
SHFE,HC2206,2021-06-16,2022-06-15
SHFE,HC2207,2021-07-16,2022-07-12
SHFE,HC2208,2021-08-18,2022-08-15
SHFE,HC2209,2021-09-17,2022-09-15
SHFE,HC2210,2021-10-18,2022-10-17
SHFE,HC2211,2021-11-16,2022-11-15
SHFE,HC2212,2021-12-20,2022-12-14
SHFE,HC2301,2022-01-18,2023-01-16
SHFE,HC2302,2022-02-18,2023-02-15
SHFE,HC2303,2022-03-21,2023-03-15
SHFE,HC2304,2022-04-22,2023-04-14
SHFE,HC2305,2022-05-17,2023-05-15
SHFE,HC2306,2022-06-16,2023-06-15
SHFE,HC2307,2022-07-19,2023-07-17
SHFE,HC2308,2022-08-18,2023-08-15
SHFE,HC2309,2022-09-16,2023-09-15
SHFE,HC2310,2022-10-18,2023-10-16
SHFE,HC2311,2022-11-16,2023-11-15
SHFE,HC2312,2022-12-16,2023-12-15
SHFE,HC2401,2023-01-17,2024-01-15
SHFE,HC2402,2023-02-16,2024-02-19
SHFE,HC2403,2023-03-21,2024-03-15
SHFE,HC2404,2023-04-19,2024-04-15
SHFE,HC2405,2023-05-16,2024-05-15
SHFE,HC2406,2023-06-16,2024-06-14
SHFE,HC2407,2023-07-19,2024-07-15
SHFE,HC2408,2023-08-17,2024-08-08
SHFE,HC2409,2023-09-18,2024-09-18
SHFE,HC2410,2023-10-17,2024-10-15
SHFE,HC2411,2023-11-17,2024-11-15
SHFE,HC2412,2023-12-26,2024-12-16
SHFE,HC2501,2024-01-16,2025-01-15
SHFE,HC2502,2024-02-20,2025-02-17
SHFE,HC2503,2024-03-18,2025-03-17
SHFE,HC2504,2024-04-16,2025-04-11
SHFE,HC2505,2024-05-16,2025-05-15
SHFE,HC2506,2024-06-19,2025-06-11
SHFE,HC2507,2024-07-17,2025-07-15
SHFE,HC2508,2024-08-16,2025-08-15
SHFE,HC2509,2024-09-19,2025-09-11
SHFE,HC2510,2024-10-16,2025-10-15
SHFE,HC2511,2024-11-19,2025-11-17
SHFE,HC2512,2024-12-19,2025-12-15
SHFE,HC2601,2025-01-16,2026-01-15
SHFE,HC2602,2025-02-18,2026-02-24
SHFE,HC2603,2025-03-31,2026-03-16
SHFE,HC2604,2025-04-16,2026-04-15
SHFE,HC2605,2025-05-16,2026-05-15
SHFE,HC2606,2025-06-17,2026-06-15
SHFE,NI1601,2016-01-04,2016-01-15
SHFE,NI1602,2016-01-04,2016-02-15
SHFE,NI1603,2016-01-04,2016-03-15
SHFE,NI1604,2016-01-04,2016-04-15
SHFE,NI1605,2016-01-04,2016-05-16
SHFE,NI1606,2016-01-04,2016-06-15
SHFE,NI1607,2016-01-06,2016-07-14
SHFE,NI1608,2016-01-04,2016-08-15
SHFE,NI1609,2016-01-04,2016-09-19
SHFE,NI1610,2016-01-14,2016-10-14
SHFE,NI1611,2016-01-04,2016-11-15
SHFE,NI1612,2016-01-29,2016-12-15
SHFE,NI1701,2016-01-18,2017-01-16
SHFE,NI1702,2016-02-17,2017-02-14
SHFE,NI1703,2016-03-21,2017-03-14
SHFE,NI1704,2016-04-22,2017-04-12
SHFE,NI1705,2016-05-17,2017-05-15
SHFE,NI1706,2016-06-21,2017-06-14
SHFE,NI1707,2016-08-01,2017-07-17
SHFE,NI1708,2016-08-25,2017-07-31
SHFE,NI1709,2016-09-20,2017-09-15
SHFE,NI1710,2016-10-18,2017-10-16
SHFE,NI1711,2016-11-18,2017-11-15
SHFE,NI1712,2016-12-20,2017-12-08
SHFE,NI1801,2017-01-17,2018-01-15
SHFE,NI1802,2017-02-20,2018-02-07
SHFE,NI1803,2017-03-16,2018-03-14
SHFE,NI1804,2017-04-19,2018-03-29
SHFE,NI1805,2017-05-16,2018-05-15
SHFE,NI1806,2017-06-16,2018-05-31
SHFE,NI1807,2017-07-18,2018-07-16
SHFE,NI1808,2017-08-16,2018-08-03
SHFE,NI1809,2017-09-18,2018-09-17
SHFE,NI1810,2017-10-19,2018-10-10
SHFE,NI1811,2017-11-16,2018-11-15
SHFE,NI1812,2017-12-18,2018-12-17
SHFE,NI1901,2018-01-16,2019-01-15
SHFE,NI1902,2018-03-05,2019-02-12
SHFE,NI1903,2018-03-22,2019-03-15
SHFE,NI1904,2018-04-25,2019-04-15
SHFE,NI1905,2018-05-16,2019-05-15
SHFE,NI1906,2018-06-21,2019-06-17
SHFE,NI1907,2018-07-17,2019-07-15
SHFE,NI1908,2018-08-16,2019-08-15
SHFE,NI1909,2018-09-18,2019-09-16
SHFE,NI1910,2018-10-22,2019-10-15
SHFE,NI1911,2018-11-19,2019-11-15
SHFE,NI1912,2019-01-16,2019-12-16
SHFE,NI2001,2019-01-17,2020-01-15
SHFE,NI2002,2019-02-20,2020-02-17
SHFE,NI2003,2019-03-22,2020-03-16
SHFE,NI2004,2019-05-08,2020-04-15
SHFE,NI2005,2019-05-16,2020-05-15
SHFE,NI2006,2019-06-20,2020-06-15
SHFE,NI2007,2019-07-16,2020-07-15
SHFE,NI2008,2019-08-16,2020-08-17
SHFE,NI2009,2019-09-17,2020-09-15
SHFE,NI2010,2019-10-17,2020-10-15
SHFE,NI2011,2019-11-18,2020-11-16
SHFE,NI2012,2019-12-19,2020-12-15
SHFE,NI2101,2020-01-17,2021-01-15
SHFE,NI2102,2020-02-18,2021-02-05
SHFE,NI2103,2020-03-18,2021-03-15
SHFE,NI2104,2020-04-16,2021-04-15
SHFE,NI2105,2020-05-18,2021-05-17
SHFE,NI2106,2020-06-18,2021-06-15
SHFE,NI2107,2020-07-17,2021-07-15
SHFE,NI2108,2020-08-19,2021-08-16
SHFE,NI2109,2020-09-16,2021-09-15
SHFE,NI2110,2020-10-19,2021-10-15
SHFE,NI2111,2020-11-18,2021-11-15
SHFE,NI2112,2020-12-16,2021-12-15
SHFE,NI2201,2021-01-18,2022-01-17
SHFE,NI2202,2021-02-08,2022-02-15
SHFE,NI2203,2021-03-17,2022-03-15
SHFE,NI2204,2021-04-16,2022-04-15
SHFE,NI2205,2021-05-18,2022-05-16
SHFE,NI2206,2021-06-16,2022-06-15
SHFE,NI2207,2021-07-16,2022-07-15
SHFE,NI2208,2021-08-17,2022-08-15
SHFE,NI2209,2021-09-16,2022-09-15
SHFE,NI2210,2021-10-19,2022-10-17
SHFE,NI2211,2021-11-16,2022-11-15
SHFE,NI2212,2021-12-20,2022-12-15
SHFE,NI2301,2022-01-19,2023-01-16
SHFE,NI2302,2022-02-16,2023-02-15
SHFE,NI2303,2022-03-17,2023-03-15
SHFE,NI2304,2022-04-18,2023-04-17
SHFE,NI2305,2022-05-17,2023-05-15
SHFE,NI2306,2022-06-17,2023-06-15
SHFE,NI2307,2022-07-18,2023-07-17
SHFE,NI2308,2022-08-19,2023-08-15
SHFE,NI2309,2022-09-19,2023-09-15
SHFE,NI2310,2022-10-18,2023-10-16
SHFE,NI2311,2022-11-16,2023-11-15
SHFE,NI2312,2022-12-19,2023-12-15
SHFE,NI2401,2023-01-20,2024-01-15
SHFE,NI2402,2023-02-17,2024-02-19
SHFE,NI2403,2023-03-21,2024-03-15
SHFE,NI2404,2023-04-19,2024-04-15
SHFE,NI2405,2023-05-16,2024-05-15
SHFE,NI2406,2023-06-19,2024-06-17
SHFE,NI2407,2023-07-19,2024-07-15
SHFE,NI2408,2023-08-18,2024-08-15
SHFE,NI2409,2023-09-18,2024-09-18
SHFE,NI2410,2023-10-18,2024-10-15
SHFE,NI2411,2023-11-16,2024-11-15
SHFE,NI2412,2023-12-19,2024-12-16
SHFE,NI2501,2024-01-16,2025-01-15
SHFE,NI2502,2024-02-20,2025-02-17
SHFE,NI2503,2024-03-18,2025-03-17
SHFE,NI2504,2024-04-17,2025-04-15
SHFE,NI2505,2024-05-16,2025-05-15
SHFE,NI2506,2024-06-18,2025-06-16
SHFE,NI2507,2024-07-16,2025-07-15
SHFE,NI2508,2024-08-16,2025-08-15
SHFE,NI2509,2024-09-24,2025-09-15
SHFE,NI2510,2024-10-16,2025-10-15
SHFE,NI2511,2024-11-20,2025-11-17
SHFE,NI2512,2024-12-18,2025-12-15
SHFE,NI2601,2025-01-17,2026-01-15
SHFE,NI2602,2025-02-19,2026-02-24
SHFE,NI2603,2025-03-18,2026-03-16
SHFE,NI2604,2025-04-16,2026-04-15
SHFE,NI2605,2025-05-16,2026-05-15
SHFE,NI2606,2025-06-17,2026-06-15
SHFE,RB1601,2016-01-04,2016-01-15
SHFE,RB1602,2016-01-04,2016-02-15
SHFE,RB1603,2016-01-04,2016-03-11
SHFE,RB1604,2016-01-04,2016-04-15
SHFE,RB1605,2016-01-04,2016-05-13
SHFE,RB1606,2016-01-04,2016-06-13
SHFE,RB1607,2016-01-04,2016-07-13
SHFE,RB1608,2016-01-04,2016-08-12
SHFE,RB1609,2016-01-04,2016-09-19
SHFE,RB1610,2016-01-04,2016-10-17
SHFE,RB1611,2016-01-04,2016-11-15
SHFE,RB1612,2016-01-04,2016-12-15
SHFE,RB1701,2016-01-18,2017-01-16
SHFE,RB1702,2016-02-16,2017-02-15
SHFE,RB1703,2016-03-16,2017-03-14
SHFE,RB1704,2016-04-18,2017-04-12
SHFE,RB1705,2016-05-17,2017-05-15
SHFE,RB1706,2016-06-16,2017-06-13
SHFE,RB1707,2016-07-18,2017-07-07
SHFE,RB1708,2016-08-16,2017-08-10
SHFE,RB1709,2016-09-20,2017-09-12
SHFE,RB1710,2016-10-18,2017-10-16
SHFE,RB1711,2016-11-16,2017-11-15
SHFE,RB1712,2016-12-16,2017-12-14
SHFE,RB1801,2017-01-17,2018-01-15
SHFE,RB1802,2017-02-16,2018-02-09
SHFE,RB1803,2017-03-16,2018-03-15
SHFE,RB1804,2017-04-18,2018-04-11
SHFE,RB1805,2017-05-16,2018-05-15
SHFE,RB1806,2017-06-16,2018-06-12
SHFE,RB1807,2017-07-18,2018-07-11
SHFE,RB1808,2017-08-17,2018-08-08
SHFE,RB1809,2017-09-18,2018-09-11
SHFE,RB1810,2017-10-17,2018-10-15
SHFE,RB1811,2017-11-16,2018-11-13
SHFE,RB1812,2017-12-18,2018-12-10
SHFE,RB1901,2018-01-16,2019-01-15
SHFE,RB1902,2018-02-12,2019-02-15
SHFE,RB1903,2018-03-16,2019-03-15
SHFE,RB1904,2018-04-17,2019-04-12
SHFE,RB1905,2018-05-16,2019-05-15
SHFE,RB1906,2018-06-19,2019-06-17
SHFE,RB1907,2018-07-17,2019-07-15
SHFE,RB1908,2018-08-16,2019-08-05
SHFE,RB1909,2018-09-18,2019-09-16
SHFE,RB1910,2018-10-16,2019-10-15
SHFE,RB1911,2018-11-16,2019-11-07
SHFE,RB1912,2018-12-18,2019-12-12
SHFE,RB2001,2019-01-16,2020-01-15
SHFE,RB2002,2019-02-18,2020-02-14
SHFE,RB2003,2019-03-18,2020-03-16
SHFE,RB2004,2019-04-16,2020-04-15
SHFE,RB2005,2019-05-16,2020-05-15
SHFE,RB2006,2019-06-18,2020-06-02
SHFE,RB2007,2019-07-16,2020-07-10
SHFE,RB2008,2019-08-16,2020-08-12
SHFE,RB2009,2019-09-17,2020-09-15
SHFE,RB2010,2019-10-16,2020-10-15
SHFE,RB2011,2019-11-18,2020-11-11
SHFE,RB2012,2019-12-17,2020-12-10
SHFE,RB2101,2020-01-16,2021-01-15
SHFE,RB2102,2020-02-18,2021-02-05
SHFE,RB2103,2020-03-17,2021-03-15
SHFE,RB2104,2020-04-16,2021-04-15
SHFE,RB2105,2020-05-18,2021-05-14
SHFE,RB2106,2020-06-16,2021-06-15
SHFE,RB2107,2020-07-16,2021-07-15
SHFE,RB2108,2020-08-18,2021-08-16
SHFE,RB2109,2020-09-16,2021-09-15
SHFE,RB2110,2020-10-16,2021-10-15
SHFE,RB2111,2020-11-17,2021-11-15
SHFE,RB2112,2020-12-16,2021-12-10
SHFE,RB2201,2021-01-18,2022-01-17
SHFE,RB2202,2021-02-10,2022-02-15
SHFE,RB2203,2021-03-16,2022-03-15
SHFE,RB2204,2021-04-16,2022-04-14
SHFE,RB2205,2021-05-18,2022-05-16
SHFE,RB2206,2021-06-16,2022-06-01
SHFE,RB2207,2021-07-16,2022-07-13
SHFE,RB2208,2021-08-17,2022-08-15
SHFE,RB2209,2021-09-16,2022-09-15
SHFE,RB2210,2021-10-18,2022-10-17
SHFE,RB2211,2021-11-16,2022-11-15
SHFE,RB2212,2021-12-16,2022-12-14
SHFE,RB2301,2022-01-18,2023-01-16
SHFE,RB2302,2022-02-16,2023-02-13
SHFE,RB2303,2022-03-17,2023-03-15
SHFE,RB2304,2022-04-18,2023-04-17
SHFE,RB2305,2022-05-17,2023-05-15
SHFE,RB2306,2022-06-16,2023-06-15
SHFE,RB2307,2022-07-18,2023-07-17
SHFE,RB2308,2022-08-16,2023-08-11
SHFE,RB2309,2022-09-16,2023-09-15
SHFE,RB2310,2022-10-18,2023-10-16
SHFE,RB2311,2022-11-16,2023-11-15
SHFE,RB2312,2022-12-16,2023-12-13
SHFE,RB2401,2023-01-17,2024-01-15
SHFE,RB2402,2023-02-16,2024-02-07
SHFE,RB2403,2023-03-16,2024-03-15
SHFE,RB2404,2023-04-18,2024-04-15
SHFE,RB2405,2023-05-16,2024-05-15
SHFE,RB2406,2023-06-16,2024-06-17
SHFE,RB2407,2023-07-18,2024-07-11
SHFE,RB2408,2023-08-16,2024-08-15
SHFE,RB2409,2023-09-18,2024-09-12
SHFE,RB2410,2023-10-17,2024-10-15
SHFE,RB2411,2023-11-16,2024-11-15
SHFE,RB2412,2023-12-18,2024-12-13
SHFE,RB2501,2024-01-16,2025-01-15
SHFE,RB2502,2024-02-20,2025-02-17
SHFE,RB2503,2024-03-18,2025-03-14
SHFE,RB2504,2024-04-16,2025-04-14
SHFE,RB2505,2024-05-16,2025-05-15
SHFE,RB2506,2024-06-18,2025-06-09
SHFE,RB2507,2024-07-16,2025-07-15
SHFE,RB2508,2024-08-16,2025-08-15
SHFE,RB2509,2024-09-19,2025-09-11
SHFE,RB2510,2024-10-16,2025-10-15
SHFE,RB2511,2024-11-18,2025-11-17
SHFE,RB2512,2024-12-17,2025-12-09
SHFE,RB2601,2025-01-16,2026-01-15
SHFE,RB2602,2025-02-18,2026-02-12
SHFE,RB2603,2025-03-18,2026-03-16
SHFE,RB2604,2025-04-16,2026-04-15
SHFE,RB2605,2025-05-16,2026-05-15
SHFE,RB2606,2025-06-17,2026-06-15
SHFE,RU1601,2016-01-04,2016-01-15
SHFE,RU1603,2016-01-04,2016-03-15
SHFE,RU1604,2016-01-04,2016-04-15
SHFE,RU1605,2016-01-04,2016-05-16
SHFE,RU1606,2016-01-04,2016-06-15
SHFE,RU1607,2016-01-04,2016-07-12
SHFE,RU1608,2016-01-04,2016-08-12
SHFE,RU1609,2016-01-04,2016-09-19
SHFE,RU1610,2016-01-04,2016-10-17
SHFE,RU1611,2016-01-04,2016-11-15
SHFE,RU1701,2016-01-18,2017-01-16
SHFE,RU1703,2016-03-16,2017-03-15
SHFE,RU1704,2016-04-18,2017-04-14
SHFE,RU1705,2016-05-17,2017-05-15
SHFE,RU1706,2016-06-16,2017-06-14
SHFE,RU1707,2016-07-18,2017-07-13
SHFE,RU1708,2016-08-17,2017-08-14
SHFE,RU1709,2016-09-20,2017-09-15
SHFE,RU1710,2016-10-18,2017-10-16
SHFE,RU1711,2016-11-16,2017-11-15
SHFE,RU1801,2017-01-17,2018-01-15
SHFE,RU1803,2017-03-16,2018-03-12
SHFE,RU1804,2017-04-25,2018-04-16
SHFE,RU1805,2017-05-16,2018-05-15
SHFE,RU1806,2017-06-19,2018-06-12
SHFE,RU1807,2017-07-18,2018-07-10
SHFE,RU1808,2017-08-17,2018-08-10
SHFE,RU1809,2017-09-18,2018-09-17
SHFE,RU1810,2017-10-17,2018-10-10
SHFE,RU1811,2017-11-16,2018-11-15
SHFE,RU1901,2018-01-16,2019-01-15
SHFE,RU1903,2018-03-16,2019-03-14
SHFE,RU1904,2018-04-18,2019-04-11
SHFE,RU1905,2018-05-16,2019-05-15
SHFE,RU1906,2018-06-19,2019-06-17
SHFE,RU1907,2018-07-24,2019-07-15
SHFE,RU1908,2018-08-16,2019-08-15
SHFE,RU1909,2018-09-18,2019-09-16
SHFE,RU1910,2018-10-16,2019-10-14
SHFE,RU1911,2018-11-16,2019-11-15
SHFE,RU2001,2019-01-16,2020-01-15
SHFE,RU2003,2019-03-18,2020-03-12
SHFE,RU2004,2019-04-25,2020-04-13
SHFE,RU2005,2019-05-16,2020-05-15
SHFE,RU2006,2019-06-18,2020-06-11
SHFE,RU2007,2019-07-16,2020-07-09
SHFE,RU2008,2019-08-16,2020-08-14
SHFE,RU2009,2019-09-17,2020-09-15
SHFE,RU2010,2019-11-08,2020-10-12
SHFE,RU2011,2019-11-18,2020-11-16
SHFE,RU2101,2020-01-16,2021-01-15
SHFE,RU2103,2020-03-18,2021-03-11
SHFE,RU2104,2020-04-16,2021-04-12
SHFE,RU2105,2020-05-18,2021-05-17
SHFE,RU2106,2020-06-22,2021-06-15
SHFE,RU2107,2020-07-17,2021-07-14
SHFE,RU2108,2020-08-21,2021-08-13
SHFE,RU2109,2020-09-16,2021-09-15
SHFE,RU2110,2020-10-16,2021-10-14
SHFE,RU2111,2020-11-18,2021-11-15
SHFE,RU2201,2021-01-18,2022-01-17
SHFE,RU2203,2021-03-19,2022-03-15
SHFE,RU2204,2021-04-20,2022-04-14
SHFE,RU2205,2021-05-18,2022-05-16
SHFE,RU2206,2021-06-17,2022-06-15
SHFE,RU2207,2021-07-19,2022-07-15
SHFE,RU2208,2021-08-20,2022-08-15
SHFE,RU2209,2021-09-16,2022-09-15
SHFE,RU2210,2021-10-19,2022-10-17
SHFE,RU2211,2021-11-17,2022-11-15
SHFE,RU2301,2022-01-18,2023-01-16
SHFE,RU2303,2022-03-16,2023-03-15
SHFE,RU2304,2022-04-18,2023-04-17
SHFE,RU2305,2022-05-17,2023-05-15
SHFE,RU2306,2022-06-16,2023-06-15
SHFE,RU2307,2022-07-18,2023-07-17
SHFE,RU2308,2022-08-24,2023-08-15
SHFE,RU2309,2022-09-16,2023-09-15
SHFE,RU2310,2022-10-24,2023-10-16
SHFE,RU2311,2022-11-16,2023-11-15
SHFE,RU2401,2023-01-17,2024-01-15
SHFE,RU2403,2023-03-16,2024-03-14
SHFE,RU2404,2023-04-18,2024-04-15
SHFE,RU2405,2023-05-16,2024-05-15
SHFE,RU2406,2023-06-16,2024-06-17
SHFE,RU2407,2023-07-19,2024-07-15
SHFE,RU2408,2023-08-16,2024-08-13
SHFE,RU2409,2023-09-18,2024-09-18
SHFE,RU2410,2023-10-17,2024-10-15
SHFE,RU2411,2023-11-16,2024-11-15
SHFE,RU2501,2024-01-16,2025-01-15
SHFE,RU2503,2024-03-18,2025-03-14
SHFE,RU2504,2024-04-16,2025-04-14
SHFE,RU2505,2024-05-16,2025-05-15
SHFE,RU2506,2024-06-18,2025-06-16
SHFE,RU2507,2024-07-16,2025-07-15
SHFE,RU2508,2024-08-16,2025-08-15
SHFE,RU2509,2024-09-19,2025-09-15
SHFE,RU2510,2024-10-16,2025-10-15
SHFE,RU2511,2024-11-18,2025-11-14
SHFE,RU2601,2025-01-16,2026-01-15
SHFE,RU2603,2025-03-18,2026-03-13
SHFE,RU2604,2025-04-16,2026-04-08
SHFE,RU2605,2025-05-16,2026-05-15
SHFE,RU2606,2025-06-17,2026-06-12
SHFE,ZN1601,2016-01-04,2016-01-15
SHFE,ZN1602,2016-01-04,2016-02-15
SHFE,ZN1603,2016-01-04,2016-03-15
SHFE,ZN1604,2016-01-04,2016-04-15
SHFE,ZN1605,2016-01-04,2016-05-16
SHFE,ZN1606,2016-01-04,2016-06-15
SHFE,ZN1607,2016-01-04,2016-07-15
SHFE,ZN1608,2016-01-04,2016-08-15
SHFE,ZN1609,2016-01-04,2016-09-19
SHFE,ZN1610,2016-01-04,2016-10-17
SHFE,ZN1611,2016-01-04,2016-11-15
SHFE,ZN1612,2016-01-04,2016-12-15
SHFE,ZN1701,2016-01-18,2017-01-16
SHFE,ZN1702,2016-02-17,2017-02-15
SHFE,ZN1703,2016-03-16,2017-03-15
SHFE,ZN1704,2016-04-18,2017-04-17
SHFE,ZN1705,2016-05-19,2017-05-15
SHFE,ZN1706,2016-06-16,2017-06-15
SHFE,ZN1707,2016-07-19,2017-07-17
SHFE,ZN1708,2016-08-16,2017-08-15
SHFE,ZN1709,2016-09-20,2017-09-15
SHFE,ZN1710,2016-10-18,2017-10-16
SHFE,ZN1711,2016-11-16,2017-11-15
SHFE,ZN1712,2016-12-16,2017-12-15
SHFE,ZN1801,2017-01-17,2018-01-15
SHFE,ZN1802,2017-02-16,2018-02-09
SHFE,ZN1803,2017-03-16,2018-03-15
SHFE,ZN1804,2017-04-18,2018-04-16
SHFE,ZN1805,2017-05-16,2018-05-15
SHFE,ZN1806,2017-06-20,2018-06-15
SHFE,ZN1807,2017-07-19,2018-07-16
SHFE,ZN1808,2017-08-16,2018-08-15
SHFE,ZN1809,2017-09-18,2018-09-17
SHFE,ZN1810,2017-10-17,2018-10-15
SHFE,ZN1811,2017-11-20,2018-11-15
SHFE,ZN1812,2017-12-18,2018-12-17
SHFE,ZN1901,2018-01-16,2019-01-15
SHFE,ZN1902,2018-02-13,2019-02-15
SHFE,ZN1903,2018-03-21,2019-03-15
SHFE,ZN1904,2018-04-19,2019-04-15
SHFE,ZN1905,2018-05-16,2019-05-15
SHFE,ZN1906,2018-06-22,2019-06-17
SHFE,ZN1907,2018-07-17,2019-07-15
SHFE,ZN1908,2018-08-16,2019-08-15
SHFE,ZN1909,2018-09-18,2019-09-16
SHFE,ZN1910,2018-10-16,2019-10-15
SHFE,ZN1911,2018-11-16,2019-11-15
SHFE,ZN1912,2018-12-18,2019-12-16
SHFE,ZN2001,2019-01-16,2020-01-15
SHFE,ZN2002,2019-02-18,2020-02-17
SHFE,ZN2003,2019-03-18,2020-03-16
SHFE,ZN2004,2019-04-16,2020-04-15
SHFE,ZN2005,2019-05-16,2020-05-15
SHFE,ZN2006,2019-06-18,2020-06-15
SHFE,ZN2007,2019-07-17,2020-07-15
SHFE,ZN2008,2019-08-16,2020-08-17
SHFE,ZN2009,2019-09-17,2020-09-15
SHFE,ZN2010,2019-10-16,2020-10-15
SHFE,ZN2011,2019-11-18,2020-11-16
SHFE,ZN2012,2019-12-17,2020-12-15
SHFE,ZN2101,2020-01-17,2021-01-15
SHFE,ZN2102,2020-02-18,2021-02-05
SHFE,ZN2103,2020-03-18,2021-03-15
SHFE,ZN2104,2020-04-16,2021-04-15
SHFE,ZN2105,2020-05-19,2021-05-17
SHFE,ZN2106,2020-06-16,2021-06-15
SHFE,ZN2107,2020-07-21,2021-07-15
SHFE,ZN2108,2020-08-19,2021-08-16
SHFE,ZN2109,2020-09-16,2021-09-15
SHFE,ZN2110,2020-10-16,2021-10-15
SHFE,ZN2111,2020-11-18,2021-11-15
SHFE,ZN2112,2020-12-16,2021-12-15
SHFE,ZN2201,2021-01-18,2022-01-17
SHFE,ZN2202,2021-02-09,2022-02-15
SHFE,ZN2203,2021-03-17,2022-03-15
SHFE,ZN2204,2021-04-16,2022-04-15
SHFE,ZN2205,2021-05-18,2022-05-16
SHFE,ZN2206,2021-06-28,2022-06-15
SHFE,ZN2207,2021-07-21,2022-07-15
SHFE,ZN2208,2021-08-19,2022-08-15
SHFE,ZN2209,2021-09-16,2022-09-15
SHFE,ZN2210,2021-10-18,2022-10-17
SHFE,ZN2211,2021-11-23,2022-11-15
SHFE,ZN2212,2021-12-16,2022-12-15
SHFE,ZN2301,2022-01-19,2023-01-16
SHFE,ZN2302,2022-02-23,2023-02-15
SHFE,ZN2303,2022-03-16,2023-03-15
SHFE,ZN2304,2022-04-18,2023-04-17
SHFE,ZN2305,2022-05-17,2023-05-15
SHFE,ZN2306,2022-06-16,2023-06-15
SHFE,ZN2307,2022-07-18,2023-07-17
SHFE,ZN2308,2022-08-16,2023-08-15
SHFE,ZN2309,2022-09-16,2023-09-15
SHFE,ZN2310,2022-10-18,2023-10-16
SHFE,ZN2311,2022-11-16,2023-11-15
SHFE,ZN2312,2022-12-16,2023-12-15
SHFE,ZN2401,2023-01-18,2024-01-15
SHFE,ZN2402,2023-02-16,2024-02-19
SHFE,ZN2403,2023-03-16,2024-03-15
SHFE,ZN2404,2023-04-18,2024-04-15
SHFE,ZN2405,2023-05-16,2024-05-15
SHFE,ZN2406,2023-06-16,2024-06-17
SHFE,ZN2407,2023-07-18,2024-07-15
SHFE,ZN2408,2023-08-16,2024-08-15
SHFE,ZN2409,2023-09-18,2024-09-18
SHFE,ZN2410,2023-10-17,2024-10-15
SHFE,ZN2411,2023-11-17,2024-11-15
SHFE,ZN2412,2023-12-18,2024-12-16
SHFE,ZN2501,2024-01-16,2025-01-15
SHFE,ZN2502,2024-02-20,2025-02-17
SHFE,ZN2503,2024-03-18,2025-03-17
SHFE,ZN2504,2024-04-16,2025-04-15
SHFE,ZN2505,2024-05-17,2025-05-15
SHFE,ZN2506,2024-06-18,2025-06-16
SHFE,ZN2507,2024-07-18,2025-07-15
SHFE,ZN2508,2024-08-16,2025-08-15
SHFE,ZN2509,2024-09-19,2025-09-15
SHFE,ZN2510,2024-10-16,2025-10-15
SHFE,ZN2511,2024-11-18,2025-11-17
SHFE,ZN2512,2024-12-17,2025-12-15
SHFE,ZN2601,2025-01-16,2026-01-15
SHFE,ZN2602,2025-02-18,2026-02-24
SHFE,ZN2603,2025-03-18,2026-03-16
SHFE,ZN2604,2025-04-16,2026-04-15
SHFE,ZN2605,2025-05-16,2026-05-15
SHFE,ZN2606,2025-06-17,2026-06-15
